path,git_mode,git_blob,git_bytes,git_sha256,archive_bytes,archive_sha256,result
.gitattributes,100644,e01b188441a5cf96bca5e477c39b97f7ba73d2f2,288,7142db33e2dcefaff38c0a756c660bb5b79c7ac718062b2bf617de6007a7f055,288,7142db33e2dcefaff38c0a756c660bb5b79c7ac718062b2bf617de6007a7f055,MATCH
.github/workflows/ci.yml,100644,929cded23c39d2bbcac0313d25754b6302e01194,754,e51777a6522a64903d37d8e78996f41d15037c6fdc8b5579a0f5c56dc5131056,754,e51777a6522a64903d37d8e78996f41d15037c6fdc8b5579a0f5c56dc5131056,MATCH
.gitignore,100644,0090a30ca8b6d0497dbe4ebe88b9f2d0034dc61c,699,4b46a8b07b9e492f3bdde251b589c1e47b5f4cbed33b9b5e542b5766d903fce7,699,4b46a8b07b9e492f3bdde251b589c1e47b5f4cbed33b9b5e542b5766d903fce7,MATCH
AGENTS.md,100644,00439306303ea8009ca55ad907f38df9fe3ac8b6,20651,78604f54cb30b1c04d46613994b0ca1fcadca42735634716f94c0e37b4168a65,20651,78604f54cb30b1c04d46613994b0ca1fcadca42735634716f94c0e37b4168a65,MATCH
CITATION.cff,100644,9f693c6d0f5fb0dd736f5cef251911cd2bd49006,1757,649c075980c6174a45e0ec827c6d48169878e6a5088daa7b475c7c53dab6eb23,1757,649c075980c6174a45e0ec827c6d48169878e6a5088daa7b475c7c53dab6eb23,MATCH
CURRENT_STATUS.md,100644,2cbda7ea48316e46aef1515d4598c013c993db2d,2101,3a8774fa46341413e7a45ef549358d4392107d29fce6ea7fbeaab1f53c075203,2101,3a8774fa46341413e7a45ef549358d4392107d29fce6ea7fbeaab1f53c075203,MATCH
ENDORSEMENT_SUMMARY.md,100644,887649d97fc9b5f883ec0a17635db6b29ea93f3a,5047,1fd98a231e3a5d469918e4b9e01979d84ad4af9c1ba67a54b7a131d20e99f42c,5047,1fd98a231e3a5d469918e4b9e01979d84ad4af9c1ba67a54b7a131d20e99f42c,MATCH
LICENSE,100644,13072cfb84a65c0ce5023bb0a37990f60158c608,1073,a9f6e8508ae803734970314bc223d7116a2126c53a7ecb01632be959023da7ac,1073,a9f6e8508ae803734970314bc223d7116a2126c53a7ecb01632be959023da7ac,MATCH
PROJECT_KNOWLEDGE.md,100644,d075449be32a7b4feb9a47586c444335463e25b3,5546,65e1aa1b273fccabc609673f84ffb0da8c0876226fc8e0ca02adea7bcef7216e,5546,65e1aa1b273fccabc609673f84ffb0da8c0876226fc8e0ca02adea7bcef7216e,MATCH
README.md,100644,62424a107a4379c5820afdd9e3d0a669d7882224,20514,10a34793251fa0cb262bb0be57264889f82b88f213f34ed088917aa740576759,20514,10a34793251fa0cb262bb0be57264889f82b88f213f34ed088917aa740576759,MATCH
REPORT.md,100644,44d1b16cb8d5b0c1784af931823d9b9e7bb928df,6338,dc1b4cb1bfad9b7f263250657dfe610556bde37d0a2740c35da81288272cd53e,6338,dc1b4cb1bfad9b7f263250657dfe610556bde37d0a2740c35da81288272cd53e,MATCH
RINGMIN_REVIEW_PROTOCOL.md,100644,8beded6baa3e35e579a3d875fa7f94db22133d8b,17788,c462f65d1886bff99496844223b0484be0610eaa35a025b3b26f6eb60241c292,17788,c462f65d1886bff99496844223b0484be0610eaa35a025b3b26f6eb60241c292,MATCH
SPIEGAMI.md,100644,5de6f2cd74c525655006f428d0a1ada89b5fce57,10122,3f63a4e4ab1915ce4c8d8c82f51edac18aec324da12ae993f0372da1ad64b1b4,10122,3f63a4e4ab1915ce4c8d8c82f51edac18aec324da12ae993f0372da1ad64b1b4,MATCH
SUBMISSION_CHECKLIST.md,100644,b239e249fe10d69569a01f76a23663664a888a17,3892,2e02f61cb79c0e75164e5d0c394fc9a95210929c1fbdc7ecbbac47a3a2711e5b,3892,2e02f61cb79c0e75164e5d0c394fc9a95210929c1fbdc7ecbbac47a3a2711e5b,MATCH
SUBMISSION_REVIEW_REPORT.md,100644,e0c2f97653f64a671a8bb20f288594e1a24a755e,23089,6a8d09fa0407b3c23c67a476df5efe0fdf90dc2145760892665b726a166804db,23089,6a8d09fa0407b3c23c67a476df5efe0fdf90dc2145760892665b726a166804db,MATCH
_TEMPLATES/EVIDENCE_TEMPLATE.md,100644,e0a23119c530a425339cd21be17b7ca58da15890,1354,420c91ec0f0b290638fbfec329719bb08e6b64a064e56a9d70f3c04ae89ff45b,1354,420c91ec0f0b290638fbfec329719bb08e6b64a064e56a9d70f3c04ae89ff45b,MATCH
_TEMPLATES/TASK_LOG_TEMPLATE.md,100644,8e08cfe2bd99d7f1dad6a0902ef94110f677552f,583,dfa6718f2b7c1f4d1ebcd6ce0d2ae0da91261f0a6d0e85176f845c356c40c613,583,dfa6718f2b7c1f4d1ebcd6ce0d2ae0da91261f0a6d0e85176f845c356c40c613,MATCH
_TEMPLATES/TASK_STATUS_TEMPLATE.md,100644,f46e64eaac5eb9cc6be298102fcd5c31c25eac77,1415,19c19cd5b9bcbcf3e6f0ccfc8b295ecbf6ab52cd27cd654a92b87b885018aabe,1415,19c19cd5b9bcbcf3e6f0ccfc8b295ecbf6ab52cd27cd654a92b87b885018aabe,MATCH
compile_pdf.py,100644,65a4cb9ce012b090da39029cf1aa593b7d7b8259,2242,cda8be9317cefce0d2bb7d474a59315e9b8e172ab92590abb8c0e3ebc6c413dc,2242,cda8be9317cefce0d2bb7d474a59315e9b8e172ab92590abb8c0e3ebc6c413dc,MATCH
docs/archive/RESEARCH_ROADMAP_20260910.md,100644,0ce5a8ef403c8a16341b1fb1c15747e6e1052723,64220,e679edf02fb73c1a49d8846930340593dd849fb3440adde95c5f68bf3b6732c8,64220,e679edf02fb73c1a49d8846930340593dd849fb3440adde95c5f68bf3b6732c8,MATCH
docs/math_stackexchange_answer_draft.md,100644,c373b1c9674371d8701c902988aa0437e3bb07d3,8011,e6f674d4c097a6b5b0aa4094eda51a44d8d001873aaf6d564513f0c5cccaadbf,8011,e6f674d4c097a6b5b0aa4094eda51a44d8d001873aaf6d564513f0c5cccaadbf,MATCH
docs/post_arxiv_tasks.md,100644,dd53dd4783e0bcb1f5d10ae1fc03ce524453f72b,2702,abcbcb59adf07d84b35781df05b19eb782a6a33c5e810f8954a52ebfd645e1a9,2702,abcbcb59adf07d84b35781df05b19eb782a6a33c5e810f8954a52ebfd645e1a9,MATCH
docs/release_notes_arxiv_v1.md,100644,e55197ddcc26a2e99fe74dd5adc48691eb4967db,596,14b2f84459402558f15d4e15ac088532e0dab310f05c937817e15ba92b0932d5,596,14b2f84459402558f15d4e15ac088532e0dab310f05c937817e15ba92b0932d5,MATCH
endorsement/email_templates.md,100644,ef927d0a3c37661245239e91acc3be2d542722de,2898,3c34a024bc048fa7c86ac4f6b864ee0b3fcea169a97a4e3bc2cfefacb7889a02,2898,3c34a024bc048fa7c86ac4f6b864ee0b3fcea169a97a4e3bc2cfefacb7889a02,MATCH
knowledge/CERTIFICATION.md,100644,f7e756ef6021b64e8a1e1ce9be8ac0f59459bcc7,5858,7da61cbc1fba24aa3df4300c24ae19b2b018bf6c890561be4d3d1caad4f54994,5858,7da61cbc1fba24aa3df4300c24ae19b2b018bf6c890561be4d3d1caad4f54994,MATCH
knowledge/DEFINITIONS.md,100644,92a7c7344408f7ffc64696e22f0b86ac16961179,1419,73511136636fb0623073073ec21f89183c1d7e9eaf1b5a1f80dc037f5203c59e,1419,73511136636fb0623073073ec21f89183c1d7e9eaf1b5a1f80dc037f5203c59e,MATCH
knowledge/FIXED_ORDER_THEORY.md,100644,37a3c303dae2608d4d9eaabb7ea816e28a6ae173,91006,a80a655c60839a78944a04e3c887c25511fab0ee7d4f1b8fdac815227caf9b91,91006,a80a655c60839a78944a04e3c887c25511fab0ee7d4f1b8fdac815227caf9b91,MATCH
knowledge/GLOBAL_BOUNDS_ASYMPTOTICS.md,100644,4b72beeb46b5b51a31390f75e48efa22ba339a6d,63388,dbd2a24ffce7d0512d5cd688efb5e225daccf1693fd2c6099c270fa399f2e6eb,63388,dbd2a24ffce7d0512d5cd688efb5e225daccf1693fd2c6099c270fa399f2e6eb,MATCH
knowledge/IMPLEMENTATION.md,100644,f16dbb33336847e68c329c27ecc8d3c2756875c0,2804,b5f5a5465d8c243455c30b0261b58138f8394417f95769f3b8703158eceacf9e,2804,b5f5a5465d8c243455c30b0261b58138f8394417f95769f3b8703158eceacf9e,MATCH
knowledge/PUBLICATION_HISTORY.md,100644,9b4428ebb1ef4d5921b77b207fef09bc1b35a1db,6043,89db133b0c1ceaf55cd348b7d8dbdf177973e5e5c5fe85dd8c88eda116422edf,6043,89db133b0c1ceaf55cd348b7d8dbdf177973e5e5c5fe85dd8c88eda116422edf,MATCH
ops/GOAL-20260911__conclude_study/CLAIM_MATRIX.md,100644,f540b0beab2129adf0f0cfc390f06c2bc75f1d5e,7032,d52187168f3d3891f1892bf3de5107e84d4b027318fb7dcdc5d60ba548a54a56,7032,d52187168f3d3891f1892bf3de5107e84d4b027318fb7dcdc5d60ba548a54a56,MATCH
ops/GOAL-20260911__conclude_study/DEPENDENCIES.md,100644,9b40e9fb54d43a7c7dd81a3fd8053ba9c3155e5e,2841,8a0f0d35789ccd6813fd42cd3717448389659cbe2b8ddb3d9f3cf50730b5ab2d,2841,8a0f0d35789ccd6813fd42cd3717448389659cbe2b8ddb3d9f3cf50730b5ab2d,MATCH
ops/GOAL-20260911__conclude_study/FINAL_REVIEW_PACKET.md,100644,71344e1544750122e000821e6caec9f6928b7b30,9644,36553dd08781f5b01ee9441f67ba8cd16daf4cd107af9fc167e235bc50ae328b,9644,36553dd08781f5b01ee9441f67ba8cd16daf4cd107af9fc167e235bc50ae328b,MATCH
ops/GOAL-20260911__conclude_study/FINAL_SOURCE_MANIFEST.json,100644,d4051cdb79877e9ced1c73e6cbc6251b76328b1c,70732,d8c8a042454a6114f5f21139a236e502746143c185810b251b193437b528428b,70732,d8c8a042454a6114f5f21139a236e502746143c185810b251b193437b528428b,MATCH
ops/GOAL-20260911__conclude_study/FIXED_ORDER_INTERNAL_AUDIT.md,100644,8a0fb89b7d6343cf0ea1bc2cbb730e7f89e960c5,24716,63ca746d93c47b89f40390c085d73271823f60b2362f700840ef8d4806875eaf,24716,63ca746d93c47b89f40390c085d73271823f60b2362f700840ef8d4806875eaf,MATCH
ops/GOAL-20260911__conclude_study/LITERATURE.md,100644,39cdaf2c8f06bae72c053cd11303b7feecaa9930,1526,f77061f72e7ce38d4d5411cf808a9044246294f69c52a1c443cc8045a5c8f3d3,1526,f77061f72e7ce38d4d5411cf808a9044246294f69c52a1c443cc8045a5c8f3d3,MATCH
ops/GOAL-20260911__conclude_study/LOWER_INTERNAL_AUDIT.md,100644,668ae1fe444bd199625ec80eb06b574a38ab65d0,22285,e8ccceb5de81e6f82695ed21d7dc1835697985261bdfef4d90c81bcd34700855,22285,e8ccceb5de81e6f82695ed21d7dc1835697985261bdfef4d90c81bcd34700855,MATCH
ops/GOAL-20260911__conclude_study/MANUSCRIPT_GLOBAL_INTERNAL_REVIEW.md,100644,aaecf7fe444402d42b115090f07ff4c9baebb895,6961,b664b1e77b7f1337b3165bbaf956f182ef8c9ca44c710bc24a3c292bdc94ebb1,6961,b664b1e77b7f1337b3165bbaf956f182ef8c9ca44c710bc24a3c292bdc94ebb1,MATCH
ops/GOAL-20260911__conclude_study/MANUSCRIPT_LOWER_FIXED_INTERNAL_REVIEW.md,100644,f106cc90e870ef6fdebe3c27210a3c41c47e333f,11800,97158871067064166194f0d1158694da03d36e4ca9e0f85d60c03651d7e758d2,11800,97158871067064166194f0d1158694da03d36e4ca9e0f85d60c03651d7e758d2,MATCH
ops/GOAL-20260911__conclude_study/MANUSCRIPT_UPPER_INTERNAL_REVIEW.md,100644,0283c6737671a471a2b987a23cbcdcb52374316f,8154,283bc774fe2d428a5796d220b6c89b4eefd82465f97b16d79541c4727f35136f,8154,283bc774fe2d428a5796d220b6c89b4eefd82465f97b16d79541c4727f35136f,MATCH
ops/GOAL-20260911__conclude_study/STATE.md,100644,b7f14f5d59c531df1cac6c8f4b293f02771569f6,4498,6d449502e196c4de7b383be3a4facd5250afb777a33895b4ba6ee3f9edd2316b,4498,6d449502e196c4de7b383be3a4facd5250afb777a33895b4ba6ee3f9edd2316b,MATCH
ops/GOAL-20260911__conclude_study/UPPER_INTERNAL_AUDIT.md,100644,0dd11e73c51b19aadb483a59d60aac5680e7ec9e,17271,198e3bce6c64a5f58fed88e05a19dadb1431097003c6f68ecc8f82e9057e661a,17271,198e3bce6c64a5f58fed88e05a19dadb1431097003c6f68ecc8f82e9057e661a,MATCH
ops/GOAL-20260911__conclude_study/VERIFICATION.md,100644,2aa9551fd2f5b201064567031629e94fd9b77516,7825,58728187bfefd2e0e29d976e271d01be3716b3cebe247998c62d5d89c5220df0,7825,58728187bfefd2e0e29d976e271d01be3716b3cebe247998c62d5d89c5220df0,MATCH
ops/TASK-20260804__continuous_review_bootstrap/EVIDENCE.md,100644,653011655bc4da8f821bf3136e81e94cd216a6c8,10230,afde7992c9e3910ff0945536f8e4ccb5b5af8d1c3d083bbfd66bd219467c9c26,10230,afde7992c9e3910ff0945536f8e4ccb5b5af8d1c3d083bbfd66bd219467c9c26,MATCH
ops/TASK-20260804__continuous_review_bootstrap/TASK_LOG.md,100644,fbdaf141134e4f1584f295ac6269202b0748ea21,4288,91cc89dfca488c042b3490262f5c27430a23a02fe923ac4cd4787eac19caff8f,4288,91cc89dfca488c042b3490262f5c27430a23a02fe923ac4cd4787eac19caff8f,MATCH
ops/TASK-20260804__continuous_review_bootstrap/TASK_STATUS.md,100644,abe666c97a60b2068fef69e21c51cd07145982e5,2303,80aa6f7e5f731c62b89597fffcd0cf43a28bf2daf3215ba862dd0a6f43a463cc,2303,80aa6f7e5f731c62b89597fffcd0cf43a28bf2daf3215ba862dd0a6f43a463cc,MATCH
ops/TASK-20260804__fixed_k_supnick_seam/EVIDENCE.md,100644,a6e2453c67fb7a7011ff1401330e91991cd3e5c7,8112,7161d0e98ed6938702490aeda2871e1616a1cdb14af10f6f1c53bdc93e06231e,8112,7161d0e98ed6938702490aeda2871e1616a1cdb14af10f6f1c53bdc93e06231e,MATCH
ops/TASK-20260804__fixed_k_supnick_seam/TASK_LOG.md,100644,8fbac95217ec1d445538871a2c38e71c2d6b9916,7336,cce170c0819abe6df08b6fae494ca215ab8a8122d9acc3cda953d3a09da40f58,7336,cce170c0819abe6df08b6fae494ca215ab8a8122d9acc3cda953d3a09da40f58,MATCH
ops/TASK-20260804__fixed_k_supnick_seam/TASK_STATUS.md,100644,0305dc9c5a67c61754adf44525c66b14a83d2a2e,3800,41fc3ccae509ffdafa95fce41586a5135fb9ac9a5c29cf30165bd8767626aee7,3800,41fc3ccae509ffdafa95fce41586a5135fb9ac9a5c29cf30165bd8767626aee7,MATCH
ops/TASK-20260804__fixed_k_supnick_seam/check_seam.py,100644,761aad59d269dfe081ac0d048768cb2b37d88f1c,20479,46ba3d6de856f1f42fc3ce257a3d6fb8f176f02b7c6a64bf083f6dec2e35bb29,20479,46ba3d6de856f1f42fc3ce257a3d6fb8f176f02b7c6a64bf083f6dec2e35bb29,MATCH
ops/TASK-20260804__radius1_seam_obstruction/EVIDENCE.md,100644,c8cf760a19e5fb326ebff96295a26d7ec0cc2ba6,7309,a7f637faffe005dccd70ef5e7734b58948a789b300f22b164aeb6282248be300,7309,a7f637faffe005dccd70ef5e7734b58948a789b300f22b164aeb6282248be300,MATCH
ops/TASK-20260804__radius1_seam_obstruction/TASK_LOG.md,100644,261799d5efde7949947ff617ba68df8dea58fc98,6805,40682c4310126f9db0cb0c01fe8119d458c3e55727f97377b3276a4840c17e35,6805,40682c4310126f9db0cb0c01fe8119d458c3e55727f97377b3276a4840c17e35,MATCH
ops/TASK-20260804__radius1_seam_obstruction/TASK_STATUS.md,100644,8145b25ee59683e165d3ab2017ca72f4f40011c6,3152,f4da85a681fc54e52410e7b619ed8ea6a7a37ccbf2115337c6f8c24d7806b8f5,3152,f4da85a681fc54e52410e7b619ed8ea6a7a37ccbf2115337c6f8c24d7806b8f5,MATCH
ops/TASK-20260804__radius1_seam_obstruction/check_seam.py,100644,67410006916db53223c7c4c7ce27c82cea00c04a,15275,574854d0514b84bd2ec17db5eb6181647941b19c6f255751febc84e006b1ffa5,15275,574854d0514b84bd2ec17db5eb6181647941b19c6f255751febc84e006b1ffa5,MATCH
ops/TASK-20260804__radius2_seam_threshold/EVIDENCE.md,100644,2c6138e83e458688dd065c5ae30dc4541cacd3ad,7654,71f63ad5f08766512edd75a97512f6717e66bab13b2ccbd43e0f982c5e54f17f,7654,71f63ad5f08766512edd75a97512f6717e66bab13b2ccbd43e0f982c5e54f17f,MATCH
ops/TASK-20260804__radius2_seam_threshold/TASK_LOG.md,100644,bb9f21cdac5000135b85bcae52d31bde0d25b3c1,7135,552a420f36e6268fbe5c371a812cae126b7c5d4ad3f4a738e4fd63a391a07cac,7135,552a420f36e6268fbe5c371a812cae126b7c5d4ad3f4a738e4fd63a391a07cac,MATCH
ops/TASK-20260804__radius2_seam_threshold/TASK_STATUS.md,100644,0d9901c82e475133cc4ceb42b68f6126d7c9ea90,3341,787a7f5edb7195a6f416cd198d7083fa489cbd45d849fd72c87a9ad603618b20,3341,787a7f5edb7195a6f416cd198d7083fa489cbd45d849fd72c87a9ad603618b20,MATCH
ops/TASK-20260804__radius2_seam_threshold/check_seam.py,100644,00a893f64bb6c061a177178579c4aba329d00dca,17617,ca034cbe95049787ba7d6e368a5eea08d8a79c0a26ef311d6e4010bfec7f1c56,17617,ca034cbe95049787ba7d6e368a5eea08d8a79c0a26ef311d6e4010bfec7f1c56,MATCH
ops/TASK-20260804__radius3_seam_onset/EVIDENCE.md,100644,bb2799cb5875706b8b63627930b84f2c2b9347af,11690,1e031fa929f2cc12343144cd26d22c927b244947ad32c961636d9e25feff3ae0,11690,1e031fa929f2cc12343144cd26d22c927b244947ad32c961636d9e25feff3ae0,MATCH
ops/TASK-20260804__radius3_seam_onset/TASK_LOG.md,100644,4052e3fee3ef52d74d3e54d79b63bc44ed253265,10268,c455fc322390cba97c7e0ce884c07105bb0d742979140842cf849ae406bb6bc1,10268,c455fc322390cba97c7e0ce884c07105bb0d742979140842cf849ae406bb6bc1,MATCH
ops/TASK-20260804__radius3_seam_onset/TASK_STATUS.md,100644,6240a7cf255a557c344921bd53f260fd890a655c,3765,8732b35dbfaa1bb5951993f2e93f8f727bc47251fc50cddd44316f9d673a6c8d,3765,8732b35dbfaa1bb5951993f2e93f8f727bc47251fc50cddd44316f9d673a6c8d,MATCH
ops/TASK-20260804__radius3_seam_onset/check_seam.py,100644,f7d4596dd2ec7eaab4810539b05f3bc047d68eb6,24569,1f15d794a17907d767df94667fbba28cc81341e4856fdf098176d58f242cc4f6,24569,1f15d794a17907d767df94667fbba28cc81341e4856fdf098176d58f242cc4f6,MATCH
ops/TASK-20260804__radius4_seam_onset/EVIDENCE.md,100644,2bbb55b23d94070ddde5242e7500fa88dcafe739,7005,aa6186101c2c9ba8d6b6267f49eb064ba827aebdd512f52244ddb6934c132e10,7005,aa6186101c2c9ba8d6b6267f49eb064ba827aebdd512f52244ddb6934c132e10,MATCH
ops/TASK-20260804__radius4_seam_onset/TASK_LOG.md,100644,72159381b96e939ec3296a431bfd533b6a5b8bdb,5219,27288f1aabd890fecd3987c5a43834fd15989b1448fe12ad4856b3ac4dc7b676,5219,27288f1aabd890fecd3987c5a43834fd15989b1448fe12ad4856b3ac4dc7b676,MATCH
ops/TASK-20260804__radius4_seam_onset/TASK_STATUS.md,100644,5b87ddc78fe8c900586ec05eb82d34983b89e67f,3286,f44df5ffee28fb8025c1548e5dbe095f22c4f1cd4abebe9c27cf2755ea2ffb0e,3286,f44df5ffee28fb8025c1548e5dbe095f22c4f1cd4abebe9c27cf2755ea2ffb0e,MATCH
ops/TASK-20260804__radius4_seam_onset/check_seam.py,100644,153d3d11217b358789a87383c422afb7713ea062,26495,041e4f3e751d9fdfd1d99fee4dec412133cda4d0cad4a9bc7496dcaa18d4743d,26495,041e4f3e751d9fdfd1d99fee4dec412133cda4d0cad4a9bc7496dcaa18d4743d,MATCH
ops/TASK-20260804__radius5_seam_onset/EVIDENCE.md,100644,6838048cb402a79d30e4786d42cc5e6abfa2a3aa,7074,cf36da25298d968fb6eba1c11e57fa85f3bb41f8b7f1aca07de6abc34fa30a25,7074,cf36da25298d968fb6eba1c11e57fa85f3bb41f8b7f1aca07de6abc34fa30a25,MATCH
ops/TASK-20260804__radius5_seam_onset/TASK_LOG.md,100644,121ab449fd55af683f9c38d7dd84a03e9e001d43,6041,a6419fb6d878b147d691a5a9756e6716a9725badca8cbf2e49bddafbe07943ad,6041,a6419fb6d878b147d691a5a9756e6716a9725badca8cbf2e49bddafbe07943ad,MATCH
ops/TASK-20260804__radius5_seam_onset/TASK_STATUS.md,100644,0a6d52f667c90ca192939110885881b17bfa684a,3346,e2c0a60acce1df500e0341a8df3805f63f8677b863cd6798851c87fb580408e7,3346,e2c0a60acce1df500e0341a8df3805f63f8677b863cd6798851c87fb580408e7,MATCH
ops/TASK-20260804__radius5_seam_onset/check_seam.py,100644,286bf08efb874fd44bcd81bd8d16120dbcb18e34,30450,92ec45cd497c158f193a29fb952fb83e99ec0f91a53462276e94398b18489199,30450,92ec45cd497c158f193a29fb952fb83e99ec0f91a53462276e94398b18489199,MATCH
ops/TASK-20260805__radius6_seam_onset/EVIDENCE.md,100644,15a019739aed54681cd437c87794a8ff765d7e33,8966,1522143a63ca0cd950f95b978d5ee865ee795f827f74479e49fd81d50724cec1,8966,1522143a63ca0cd950f95b978d5ee865ee795f827f74479e49fd81d50724cec1,MATCH
ops/TASK-20260805__radius6_seam_onset/TASK_LOG.md,100644,6bc625c9c664e2f15d8b7842b398461d009375f7,5769,846e431f2137fab2ff60f670870468ecb947c6d70166ef627adfb3c7969bc890,5769,846e431f2137fab2ff60f670870468ecb947c6d70166ef627adfb3c7969bc890,MATCH
ops/TASK-20260805__radius6_seam_onset/TASK_STATUS.md,100644,24307d99d29e75166220865b7c5b7381676b2301,3153,a1863182cce0b12eeceb970bf8997327e3a2bb0a447e0bace38b17a453320906,3153,a1863182cce0b12eeceb970bf8997327e3a2bb0a447e0bace38b17a453320906,MATCH
ops/TASK-20260805__radius6_seam_onset/check_seam.py,100644,11ab96398c4d21adab8e3c663bbae7e9ec2165f2,33874,ff095b9c8630d040bd7ab0ba868deca59c69afe9e2a623b3ed34d27151926622,33874,ff095b9c8630d040bd7ab0ba868deca59c69afe9e2a623b3ed34d27151926622,MATCH
ops/TASK-20260805__radius7_seam_onset/EVIDENCE.md,100644,54bd2181102e3b1415bda3521d10d6c1eb5f9e3d,9614,60419aac69d84066ba278254a29d54690e87123bb7296642c2dd86f968a69d32,9614,60419aac69d84066ba278254a29d54690e87123bb7296642c2dd86f968a69d32,MATCH
ops/TASK-20260805__radius7_seam_onset/TASK_LOG.md,100644,4b84b2c2eeb83b19d981597115f2922c722e6e7e,6215,d0a95b7ccbd8ebaa0819ed2598da2f3a4466143afa17e875c8093df399c38d2b,6215,d0a95b7ccbd8ebaa0819ed2598da2f3a4466143afa17e875c8093df399c38d2b,MATCH
ops/TASK-20260805__radius7_seam_onset/TASK_STATUS.md,100644,cf72e338f0ba2012540024bfab4670edbc3e12a8,3197,fbab4e3bdc32e4303e45e0289c147b27719e6fb5837be1ef58bbae323dfd64a0,3197,fbab4e3bdc32e4303e45e0289c147b27719e6fb5837be1ef58bbae323dfd64a0,MATCH
ops/TASK-20260805__radius7_seam_onset/check_seam.py,100644,d6e227095dbe974ba5c1be06892ca1d018ff2476,34581,c1744bd09df4fd3ab4abb75052dd558904257c6bdcb6112a7738c7c58cb2df5f,34581,c1744bd09df4fd3ab4abb75052dd558904257c6bdcb6112a7738c7c58cb2df5f,MATCH
ops/TASK-20260830__effective_supnick_seam_cutoff/EVIDENCE.md,100644,70f2d0edadf9a352789a7aa48ce5384b17ea0926,12873,0171744c7112d96f1a3bbc584239e9d4a0ec6aa4d7249fd90b45f7a3e43cc804,12873,0171744c7112d96f1a3bbc584239e9d4a0ec6aa4d7249fd90b45f7a3e43cc804,MATCH
ops/TASK-20260830__effective_supnick_seam_cutoff/TASK_LOG.md,100644,4f93c1c86c16e2e99e6414e068c3ec14b917de33,11043,497ccc3d0e299367f2b6db1cb31a87656efc5c3db80fb35840171d7cd61a5938,11043,497ccc3d0e299367f2b6db1cb31a87656efc5c3db80fb35840171d7cd61a5938,MATCH
ops/TASK-20260830__effective_supnick_seam_cutoff/TASK_STATUS.md,100644,12328f4add5a43863f49862d70861ca97ee7ca8e,4608,e7e339cd9a540f9fa02d1612727a3ee5c9a4c38037b0adcaa118e2923d5d7ac9,4608,e7e339cd9a540f9fa02d1612727a3ee5c9a4c38037b0adcaa118e2923d5d7ac9,MATCH
ops/TASK-20260830__effective_supnick_seam_cutoff/check_effective_cutoff.py,100644,22d34c5c93904c0ada8507e67b3641faefa41555,25013,b43fb0eed080cc4e8ded641cf572ea6c1eb4ee45e34242b23073fe43c6163160,25013,b43fb0eed080cc4e8ded641cf572ea6c1eb4ee45e34242b23073fe43c6163160,MATCH
ops/TASK-20260830__eventual_supnick_seam_onset/EVIDENCE.md,100644,370a8aeea253b2f996299c829efb7c45fd37a541,6796,d8fb957dfb65856e089c99656752d3b9d1d958fc9efc3c5e41e71f2747e1746d,6796,d8fb957dfb65856e089c99656752d3b9d1d958fc9efc3c5e41e71f2747e1746d,MATCH
ops/TASK-20260830__eventual_supnick_seam_onset/TASK_LOG.md,100644,f420e4cf69edb650cba739860b9942dea3dcc5ae,7220,cbf77f7860b9e789a24c9cef70bf089c421b9e836c978ee94876d10a67d9bc12,7220,cbf77f7860b9e789a24c9cef70bf089c421b9e836c978ee94876d10a67d9bc12,MATCH
ops/TASK-20260830__eventual_supnick_seam_onset/TASK_STATUS.md,100644,19c8d50ba00e8231bdb9d9ee23f887384688b43e,3524,2e08103795318eeac8f66b9b2266d042ab1d87467c0d22fb439493f27df2f1c6,3524,2e08103795318eeac8f66b9b2266d042ab1d87467c0d22fb439493f27df2f1c6,MATCH
ops/TASK-20260830__eventual_supnick_seam_onset/check_asymptotic_onset.py,100644,74cc224da3ed4fb4f46141bfd42252378fb2a105,11208,3e4b8d371a6db4b249fb21e1ae18b9b38ccc5592edca8c62e31fb796424c4e89,11208,3e4b8d371a6db4b249fb21e1ae18b9b38ccc5592edca8c62e31fb796424c4e89,MATCH
ops/TASK-20260830__uniform_seam_index_bound/EVIDENCE.md,100644,a8b6a1d7db56267ba0d3282316a7966dbb1294ad,7091,7ff12dc05ce18fec1c981689ab0496a1ccc8c039151371d4b30bbd8f35ed4f2a,7091,7ff12dc05ce18fec1c981689ab0496a1ccc8c039151371d4b30bbd8f35ed4f2a,MATCH
ops/TASK-20260830__uniform_seam_index_bound/TASK_LOG.md,100644,a4a0a364f971dcc9637c93511e2c40a299ef610e,6146,4c1c8d746a575f8ec4dde115dd1b6b9c054060a3b886bdbd14bf5146cc13b115,6146,4c1c8d746a575f8ec4dde115dd1b6b9c054060a3b886bdbd14bf5146cc13b115,MATCH
ops/TASK-20260830__uniform_seam_index_bound/TASK_STATUS.md,100644,9e826f8e22d8b08cb64113a9ae042826e4fed387,3043,03693b2b35ac089a15976551edcdd46db20b95d8c1a903d9d23bb644bdbfcc64,3043,03693b2b35ac089a15976551edcdd46db20b95d8c1a903d9d23bb644bdbfcc64,MATCH
ops/TASK-20260830__uniform_seam_index_bound/check_uniform_bound.py,100644,218c94943d30931e25201c4cd2f2e4a4802af431,11552,32f96e14d8c18ccc058f1654169b4a37d0fc8d78fb7d55f45cc7d0665cf1656a,11552,32f96e14d8c18ccc058f1654169b4a37d0fc8d78fb7d55f45cc7d0665cf1656a,MATCH
ops/TASK-20260902__radius8_seam_diagnostic/EVIDENCE.md,100644,0bbc5b05242701bf0866f0709554cbca1db4b232,19265,42787df520ecfd203f7833abc2e9449f0fe68ea5e44b0f4692a983a76e9cc133,19265,42787df520ecfd203f7833abc2e9449f0fe68ea5e44b0f4692a983a76e9cc133,MATCH
ops/TASK-20260902__radius8_seam_diagnostic/TASK_LOG.md,100644,81ece32a8c531337fb72c42d9d7771c9f197c045,5069,b6570feaa8cae9506aa0be40b85c80273553d2432132d39b19a9e1df088bb5f5,5069,b6570feaa8cae9506aa0be40b85c80273553d2432132d39b19a9e1df088bb5f5,MATCH
ops/TASK-20260902__radius8_seam_diagnostic/TASK_STATUS.md,100644,65ecd6d905eab7fcecbaec736a2bcd873e8a983a,3286,eae68fb62dfebcb16b4ac0fc35bcd8284b99ca579205c319eb1cd7d86fb866b0,3286,eae68fb62dfebcb16b4ac0fc35bcd8284b99ca579205c319eb1cd7d86fb866b0,MATCH
ops/TASK-20260902__radius8_seam_diagnostic/diagnose.py,100644,cf083725266520ee50503d0681e31658936d6927,11336,6eef172a18d4d3527f0d881d65092370ecc4d51b1063b38867abe36ee7a8e95e,11336,6eef172a18d4d3527f0d881d65092370ecc4d51b1063b38867abe36ee7a8e95e,MATCH
ops/TASK-20260902__radius8_seam_diagnostic/diagnostic.json,100644,d08fca4db16d33c2944f2d12d989aa8fb99400a9,59990,8d510329ac6c21917d42839d858c5e805ba5981ab7a2c0fa5c71f4ee202e42c8,59990,8d510329ac6c21917d42839d858c5e805ba5981ab7a2c0fa5c71f4ee202e42c8,MATCH
ops/TASK-20260904__alternating_halves_full_asymptotics/EVIDENCE.md,100644,8079eaf4899dab2db6280450dfd9a6ad5f9f49c5,9819,b107b1c0af9311b9bb514c86d11280a75687a8df4dbce08a4bec6d04c350765c,9819,b107b1c0af9311b9bb514c86d11280a75687a8df4dbce08a4bec6d04c350765c,MATCH
ops/TASK-20260904__alternating_halves_full_asymptotics/TASK_LOG.md,100644,8a81c083315a19992761604fd275ac305cab062b,5365,1ca7d106f15eea8204df95bac56746d13d070fcdda85ff526f21f46bfab66111,5365,1ca7d106f15eea8204df95bac56746d13d070fcdda85ff526f21f46bfab66111,MATCH
ops/TASK-20260904__alternating_halves_full_asymptotics/TASK_STATUS.md,100644,d20276fe022c107bd33d9c34a75438626e74be3a,4117,e615e30e9ed969f6a4e41dbdc4cd5cbaf8596c1ceae8740ca28401c02c74ade6,4117,e615e30e9ed969f6a4e41dbdc4cd5cbaf8596c1ceae8740ca28401c02c74ade6,MATCH
ops/TASK-20260904__alternating_halves_full_asymptotics/check_diagnostic.py,100644,168b458e9a1ad4b98799eafc3befd16c714bc824,4760,f0b429efe2efae0cd1a24122c148808e727c448155ddcdea374eefe6a6889165,4760,f0b429efe2efae0cd1a24122c148808e727c448155ddcdea374eefe6a6889165,MATCH
ops/TASK-20260904__alternating_halves_full_asymptotics/check_symbolic.py,100644,11cae82137a0623a4ed677bb7f7c8c1ccbbee6d2,2569,5d048c88afa6059ebf0832712df14aab3ee16a563a76c17a02c6987e69ea32a9,2569,5d048c88afa6059ebf0832712df14aab3ee16a563a76c17a02c6987e69ea32a9,MATCH
ops/TASK-20260904__durable_knowledge_restructure/EVIDENCE.md,100644,44328762223031f97321664704f07a66ec950dc6,13484,6c64ac8aa644bb9c8627bb35909f82f7aecda4afbe1c6481e95455fa18a0783d,13484,6c64ac8aa644bb9c8627bb35909f82f7aecda4afbe1c6481e95455fa18a0783d,MATCH
ops/TASK-20260904__durable_knowledge_restructure/TASK_LOG.md,100644,ef64e7ad99860ac2321781982a7fba9194b539c2,5718,241c1acb95c30947a5ee41377d83fcfe621af798680c35c0f681f0841ec4ae88,5718,241c1acb95c30947a5ee41377d83fcfe621af798680c35c0f681f0841ec4ae88,MATCH
ops/TASK-20260904__durable_knowledge_restructure/TASK_STATUS.md,100644,7d6d4ac67cde151fdad97a576979e39522d82cdb,4026,3cc832fa6ccc55f9b4561ba16c51be720205673a4cabf01e09030cd217195d1e,4026,3cc832fa6ccc55f9b4561ba16c51be720205673a4cabf01e09030cd217195d1e,MATCH
ops/TASK-20260904__finite_induced_subset_dominance/EVIDENCE.md,100644,f86f0822f30d1af8d37888586ff01e878828daa2,6135,ca23a57e0cebc15dabb15478b57a3a49b2f61c15ab5407d108c03d04adc9789b,6135,ca23a57e0cebc15dabb15478b57a3a49b2f61c15ab5407d108c03d04adc9789b,MATCH
ops/TASK-20260904__finite_induced_subset_dominance/TASK_LOG.md,100644,8ac1639b3db1c9be38fe4ada9b3408e3e78c231e,2915,f0a5797d7da0e47a2ba2f858fb4e5fcd86951eb0ca2b99daea82b564bdb1843f,2915,f0a5797d7da0e47a2ba2f858fb4e5fcd86951eb0ca2b99daea82b564bdb1843f,MATCH
ops/TASK-20260904__finite_induced_subset_dominance/TASK_STATUS.md,100644,4d9d3b7bc77e1e849d374b4edac174474ad8c9ca,3199,03b7af54258d568e96452896b426050934a42db2eea98f29d50fdbe95ec942ab,3199,03b7af54258d568e96452896b426050934a42db2eea98f29d50fdbe95ec942ab,MATCH
ops/TASK-20260904__finite_induced_subset_dominance/check_finite.py,100644,a41c73c30c3fd1bc7d9beb78df014786a90a863f,4007,b4b6e0267b17e529faed79f848a1f2f8e55871df647d1dc873642f4ac89dc319,4007,b4b6e0267b17e529faed79f848a1f2f8e55871df647d1dc873642f4ac89dc319,MATCH
ops/TASK-20260904__finite_union_terminal_dominance/EVIDENCE.md,100644,4ddb508e44c4fb034cae06b56adca69297bce528,6928,4ce025098e55dc8a5432a622a64341641a3633d70a228d38a2bb772e78991d23,6928,4ce025098e55dc8a5432a622a64341641a3633d70a228d38a2bb772e78991d23,MATCH
ops/TASK-20260904__finite_union_terminal_dominance/TASK_LOG.md,100644,9e7933e4c0b49347a51ec5555f2d9636a743dde1,4102,310ff615f58a045830e1b7eceaf7332b9b6afe9da6e2614303caafddb7b963cc,4102,310ff615f58a045830e1b7eceaf7332b9b6afe9da6e2614303caafddb7b963cc,MATCH
ops/TASK-20260904__finite_union_terminal_dominance/TASK_STATUS.md,100644,e273b419279a324bdda925b92bcb3d3448476f3d,3389,76bbc554c170b74c50e578bd38f9eceec0bf204f1855d1d7929bdd8d5ee7933c,3389,76bbc554c170b74c50e578bd38f9eceec0bf204f1855d1d7929bdd8d5ee7933c,MATCH
ops/TASK-20260904__finite_union_terminal_dominance/check_quantile.py,100644,2300188e686d93da267e02fb724a529ae23158d6,2211,f8e9204055c0ca19bd9054c7e3cc6dfdc4d08ab57ce006ad2c46675372c22e98,2211,f8e9204055c0ca19bd9054c7e3cc6dfdc4d08ab57ce006ad2c46675372c22e98,MATCH
ops/TASK-20260904__increasing_order_full_asymptotics/EVIDENCE.md,100644,ba6b281c1944aa52f22f9b0cd2abf499056d063d,8260,ed19e1926aa00d9b0223618f70d4297be7560d1ba09bb8ff9388512264d1777a,8260,ed19e1926aa00d9b0223618f70d4297be7560d1ba09bb8ff9388512264d1777a,MATCH
ops/TASK-20260904__increasing_order_full_asymptotics/TASK_LOG.md,100644,69934e1121515c68831a57a9772008a6d519858f,4624,61da714f60a72aceb4a2a8a47f25e1d1dd4a663540c722e48328574b1b9a89dc,4624,61da714f60a72aceb4a2a8a47f25e1d1dd4a663540c722e48328574b1b9a89dc,MATCH
ops/TASK-20260904__increasing_order_full_asymptotics/TASK_STATUS.md,100644,684af03bb3a87fc8c8320693a09d23fd9239d708,3377,33bc6c3a6a169e1c7a397a51567220afb47a02acae340e57243ff5ddec05c3c4,3377,33bc6c3a6a169e1c7a397a51567220afb47a02acae340e57243ff5ddec05c3c4,MATCH
ops/TASK-20260904__increasing_order_full_asymptotics/check_highprec.py,100644,f95763360b453fdef3d6434968fc3e27588b6f9a,3402,09a52f21345ca516384b3320f5905bdac0429b3a49d1770bd74b4adf1baf97db,3402,09a52f21345ca516384b3320f5905bdac0429b3a49d1770bd74b4adf1baf97db,MATCH
ops/TASK-20260904__induced_subset_asymptotic_bound/EVIDENCE.md,100644,5856172d2c861f3d69360a89e21382a977c51e8b,10274,b166f3ece7297c0727c97ba03e4cf49a86efefe28e26ac0e78ecb5c431049bf3,10274,b166f3ece7297c0727c97ba03e4cf49a86efefe28e26ac0e78ecb5c431049bf3,MATCH
ops/TASK-20260904__induced_subset_asymptotic_bound/TASK_LOG.md,100644,46290e41d5fb07ca3cabec416cb203080117007f,3706,640d34f5be85425872717ad0a7cae6aab735478cde94953fd0c9584bbb811883,3706,640d34f5be85425872717ad0a7cae6aab735478cde94953fd0c9584bbb811883,MATCH
ops/TASK-20260904__induced_subset_asymptotic_bound/TASK_STATUS.md,100644,0e6f5673b003c0983e8315b6526a5aff8000a460,2815,40d1144d40e9077aa7f105b01e7a87c5cb83d574ee7614e746c219faf965f71b,2815,40d1144d40e9077aa7f105b01e7a87c5cb83d574ee7614e746c219faf965f71b,MATCH
ops/TASK-20260904__induced_subset_asymptotic_bound/check_exact_arithmetic.py,100644,3a211b9ea1538871c83dd901bcc605c15825727f,2992,50db8a59148440ae458830f443d9a8fe838d4c2ad090970b4b2a5246a0565840,2992,50db8a59148440ae458830f443d9a8fe838d4c2ad090970b4b2a5246a0565840,MATCH
ops/TASK-20260904__one_gap_terminal_subset_variation/EVIDENCE.md,100644,082f34e5cea64bccbd577c6f9430d43c4fa31f80,7882,2a8cba53d411221aa69954c1664d7c8752bcb35132aa4937417a9baac6a42307,7882,2a8cba53d411221aa69954c1664d7c8752bcb35132aa4937417a9baac6a42307,MATCH
ops/TASK-20260904__one_gap_terminal_subset_variation/TASK_LOG.md,100644,b0a8d55d363a625f6a90c21de3e13ab4d30ca2f7,3559,e69c65155a767fc2763e4dfc8731f3517d20ee0e6e39af81b42e74b28cff7204,3559,e69c65155a767fc2763e4dfc8731f3517d20ee0e6e39af81b42e74b28cff7204,MATCH
ops/TASK-20260904__one_gap_terminal_subset_variation/TASK_STATUS.md,100644,c0d1b57368ef5335db341a1c85e1369fda44e1c0,2752,f72655ab2c93904b0996ef76c2e71f1db916d4226ce39cf8ea7e7fdf0a02b0f1,2752,f72655ab2c93904b0996ef76c2e71f1db916d4226ce39cf8ea7e7fdf0a02b0f1,MATCH
ops/TASK-20260904__one_gap_terminal_subset_variation/check_finite.py,100644,708ee99d16498e7753e566f98ec071d81eff6bea,5296,0b0af1c79e79eded3e9a122eb9f06500d3b05a7be30bff2863278502d2342ce7,5296,0b0af1c79e79eded3e9a122eb9f06500d3b05a7be30bff2863278502d2342ce7,MATCH
ops/TASK-20260904__one_gap_terminal_subset_variation/check_symbolic.py,100644,c011878abcb8d80d57134db0f85aa0c2fa60cb5b,2646,d7533dac01723719611a25300ecb3cf1f8c33d4bdc38816c32f699dc73ae4497,2646,d7533dac01723719611a25300ecb3cf1f8c33d4bdc38816c32f699dc73ae4497,MATCH
ops/TASK-20260904__optimized_terminal_subset_bound/EVIDENCE.md,100644,b650cd437b5527024cadaa59c6d89aee29858ba0,7210,61afcd48212de741ee59a64f07a4a00a4d4995bbb7fdf53f344df882d4c0a43e,7210,61afcd48212de741ee59a64f07a4a00a4d4995bbb7fdf53f344df882d4c0a43e,MATCH
ops/TASK-20260904__optimized_terminal_subset_bound/TASK_LOG.md,100644,0f4b98ba4e82b7887ee8d158a06683101658ff24,4825,5fa04ee3a4be7acd52d4ce5b31aeb6f20cd65d17776d3d2330780f65b0f0f2fd,4825,5fa04ee3a4be7acd52d4ce5b31aeb6f20cd65d17776d3d2330780f65b0f0f2fd,MATCH
ops/TASK-20260904__optimized_terminal_subset_bound/TASK_STATUS.md,100644,152e954bdf238281eb30edc5e2db3b38961b0fae,3093,c4bd43be9f50d47bce9ec0667dfd16d26cd50d9fcac3157ce52c83d8d4bb3e9e,3093,c4bd43be9f50d47bce9ec0667dfd16d26cd50d9fcac3157ce52c83d8d4bb3e9e,MATCH
ops/TASK-20260904__optimized_terminal_subset_bound/check_exact.py,100644,67f8b30df98a183d3592d4ca828f0cde73dc8739,5392,c7594725ba5cd7315b45f156483144fc1c2e0c27899efb4e4202420dcc88acd6,5392,c7594725ba5cd7315b45f156483144fc1c2e0c27899efb4e4202420dcc88acd6,MATCH
ops/TASK-20260904__optimized_terminal_subset_bound/check_symbolic.py,100644,994e30ae26e8d778c50638747b9627c888e4cbc5,3554,b145a4666ecaab9b4ecd95418fe59302ff2a30e1eba2ce4f8c2936d44a9b906c,3554,b145a4666ecaab9b4ecd95418fe59302ff2a30e1eba2ce4f8c2936d44a9b906c,MATCH
ops/TASK-20260904__radius10_seam_onset/EVIDENCE.md,100644,5854de9f4d14b3b5a24958853b214553187516b9,11554,198556f393a87249fd5ef09352d790de8860255c1c0e09dc58283621a6d956e1,11554,198556f393a87249fd5ef09352d790de8860255c1c0e09dc58283621a6d956e1,MATCH
ops/TASK-20260904__radius10_seam_onset/TASK_LOG.md,100644,1c12390f3066dd8468cce6c0c7bb8fdf93c8609c,3641,5648de673ece83099c872d3ec823c7b0d31008a2b3af4e6a4552d5812620b33f,3641,5648de673ece83099c872d3ec823c7b0d31008a2b3af4e6a4552d5812620b33f,MATCH
ops/TASK-20260904__radius10_seam_onset/TASK_STATUS.md,100644,9fca5923c2bc07f2d93033ebee2e09ef3b275616,2885,578b0c9f8863e61ac5f39e358ce7fddc5ad65c7efdcee52fe33d9dac6a065480,2885,578b0c9f8863e61ac5f39e358ce7fddc5ad65c7efdcee52fe33d9dac6a065480,MATCH
ops/TASK-20260904__radius10_seam_onset/check_mutations.py,100644,425bd50bf539b2b58bf7ce80ccb8bc03dae1fb42,10519,4549f2639e269f962b0f7a6af1f6731a2ccc9dc2c0f01c65087e669121a5e4b5,10519,4549f2639e269f962b0f7a6af1f6731a2ccc9dc2c0f01c65087e669121a5e4b5,MATCH
ops/TASK-20260904__radius10_seam_onset/check_seam.py,100644,9882bd3b7332e053d2c9c3442c01728f317219d7,9699,5c0b57bf369ed2d24630802b81ee16be06193faae2322f2e5695d7a3a03f1ae2,9699,5c0b57bf369ed2d24630802b81ee16be06193faae2322f2e5695d7a3a03f1ae2,MATCH
ops/TASK-20260904__radius10_seam_onset/score_witnesses.py,100644,4d390fb5e24c8cb37810bd83e7f1afd6e8934bd4,5569,1c83af0dc36fcff3a976fb644104998a27110bc65cba8180037ad6c035c046df,5569,1c83af0dc36fcff3a976fb644104998a27110bc65cba8180037ad6c035c046df,MATCH
ops/TASK-20260904__radius8_seam_onset/EVIDENCE.md,100644,18b2c7b54f6cf239671a36a805d5b473686beda3,14875,f0414985429eb0e491b3dcfbffa7fafb0e8f3aa3908fea644adcd9dcdb6f5262,14875,f0414985429eb0e491b3dcfbffa7fafb0e8f3aa3908fea644adcd9dcdb6f5262,MATCH
ops/TASK-20260904__radius8_seam_onset/TASK_LOG.md,100644,f73f27ca4484b37f76b31803bea25ecc4359b973,3596,d5d3fa2c2c14b13a82c19f7cfb65c7f3a7b5a45b897f74635699a79647a57298,3596,d5d3fa2c2c14b13a82c19f7cfb65c7f3a7b5a45b897f74635699a79647a57298,MATCH
ops/TASK-20260904__radius8_seam_onset/TASK_STATUS.md,100644,9794ff767a75fe2d1695e5d53cb147b344f85f54,3001,1d9987c82daf474535eb8bce894472ca9670f24cb18a51a5de73e2a054b63adc,3001,1d9987c82daf474535eb8bce894472ca9670f24cb18a51a5de73e2a054b63adc,MATCH
ops/TASK-20260904__radius8_seam_onset/check_mutations.py,100644,94e6650a1c9999079ff290cf29b7b4d2dc27135a,8508,19fc832647dbb358b4a71a6184d1dfcb15a1e8a256b92b8ec70b80bcb8a45fed,8508,19fc832647dbb358b4a71a6184d1dfcb15a1e8a256b92b8ec70b80bcb8a45fed,MATCH
ops/TASK-20260904__radius8_seam_onset/check_seam.py,100644,fa62693ad4e11c2b84b2d027b38284067e058f01,10653,c5594774cec6c0ed209f979a21004e85fe285eea97010859abeb57f511523127,10653,c5594774cec6c0ed209f979a21004e85fe285eea97010859abeb57f511523127,MATCH
ops/TASK-20260904__radius9_seam_onset/EVIDENCE.md,100644,145cfc29fb746f88cd7ce0d4db46e6604d54353a,8411,404951cc2d824afae97eb419766499fc288ed537e7e53f5e34f5d904285546dc,8411,404951cc2d824afae97eb419766499fc288ed537e7e53f5e34f5d904285546dc,MATCH
ops/TASK-20260904__radius9_seam_onset/TASK_LOG.md,100644,d1e43d901faf0d8fbe59d9ac5988d14f238b1f66,4460,329856fdf30e53dbd36bcd2595f067e5aa96bdf1e0efe5cbd036dc7949d7bee2,4460,329856fdf30e53dbd36bcd2595f067e5aa96bdf1e0efe5cbd036dc7949d7bee2,MATCH
ops/TASK-20260904__radius9_seam_onset/TASK_STATUS.md,100644,e3905a7c95810f1d008e1f545424063d4677bf0d,2725,beb5de6b61adce597680d5c8c6b2b0a4501f48957e4faaec3bfcb241c7c4b9e9,2725,beb5de6b61adce597680d5c8c6b2b0a4501f48957e4faaec3bfcb241c7c4b9e9,MATCH
ops/TASK-20260904__radius9_seam_onset/check_mutations.py,100644,2decfa621a5847485d13cb56da8a4fc06629e51d,10525,a19d8f7d8020dbdb37aa56561686d6d71caf4cf669fddf3784f65b0b24a9b86e,10525,a19d8f7d8020dbdb37aa56561686d6d71caf4cf669fddf3784f65b0b24a9b86e,MATCH
ops/TASK-20260904__radius9_seam_onset/check_seam.py,100644,291cac3938cbde0c8cb23eac576e3d69dc8c0ebf,9383,a52dcde671211c398515f7f027ec16ee2ff5bb1472528eb431d82f628c7acb0a,9383,a52dcde671211c398515f7f027ec16ee2ff5bb1472528eb431d82f628c7acb0a,MATCH
ops/TASK-20260904__review_protocol_knowledge_integration/EVIDENCE.md,100644,640a971ce673ba7ddf884f96b976d1faad8d98c5,5777,ecca7347db76510d5db5e7d27d353724030d6f1ee56c880e3fa895e8b66442dc,5777,ecca7347db76510d5db5e7d27d353724030d6f1ee56c880e3fa895e8b66442dc,MATCH
ops/TASK-20260904__review_protocol_knowledge_integration/TASK_LOG.md,100644,32741cb200d9adf208c4e83e4b89b4067a167177,3390,fec848bf772ca0437883d25522f2105c83ad9908791da39bb5f5c1cd5cb9df2e,3390,fec848bf772ca0437883d25522f2105c83ad9908791da39bb5f5c1cd5cb9df2e,MATCH
ops/TASK-20260904__review_protocol_knowledge_integration/TASK_STATUS.md,100644,a68393c7e557c26b1dacfb7dfdce7aa6427b7f17,3043,7594092920d8997d1c103b289f67bcb446c747a59a6c920e896b9ef9f018da2d,3043,7594092920d8997d1c103b289f67bcb446c747a59a6c920e896b9ef9f018da2d,MATCH
ops/TASK-20260904__seam_sequence_monotonicity/EVIDENCE.md,100644,bea2c6ecc796a49aa07a6b33a3de07902cc5114e,12317,02bc78009a290aa9ecf9707841db8aae479b72b6849697a2129ae6c1bb40a59c,12317,02bc78009a290aa9ecf9707841db8aae479b72b6849697a2129ae6c1bb40a59c,MATCH
ops/TASK-20260904__seam_sequence_monotonicity/TASK_LOG.md,100644,fbe88da2b6aefd0b631b6bcce1c75ea1a59eccc1,5586,f2b43f0c648076adec172868b05f59b3ac08dddb930f69a6e28fb4902e318333,5586,f2b43f0c648076adec172868b05f59b3ac08dddb930f69a6e28fb4902e318333,MATCH
ops/TASK-20260904__seam_sequence_monotonicity/TASK_STATUS.md,100644,fb0d90bc7d51a3c06ca0e36caedb803e053623c9,2872,631ac59d2533759fd31e4563d6e8db21d1591a8e9526f74535e10565cfc853bd,2872,631ac59d2533759fd31e4563d6e8db21d1591a8e9526f74535e10565cfc853bd,MATCH
ops/TASK-20260904__seam_sequence_monotonicity/check_exact.py,100644,dd83947c4512d236762533f3db2dc19586f175dd,9791,8bbc39fd86c67f2ae5ce0dfc0965ba9633185786ced41c14fcc74bc25a9ee89b,9791,8bbc39fd86c67f2ae5ce0dfc0965ba9633185786ced41c14fcc74bc25a9ee89b,MATCH
ops/TASK-20260904__seam_sequence_monotonicity/check_symbolic.py,100644,b45049883ec7d95d6c92238fd2b01fe67cf846dc,3236,43eb4a7261a67ca502230e8ddd039dc592abe9e5760a5a5255163339d6910ddb,3236,43eb4a7261a67ca502230e8ddd039dc592abe9e5760a5a5255163339d6910ddb,MATCH
ops/TASK-20260904__seam_sequence_monotonicity/diagnose.py,100644,22e2c4253687936a99759eba7589e0fd10cbd2e7,1850,1a072c261f95bd72b065ebb0735b19823ee92937af0c73133df23c39545eed08,1850,1a072c261f95bd72b065ebb0735b19823ee92937af0c73133df23c39545eed08,MATCH
ops/TASK-20260904__supnick_feasibility_classification/EVIDENCE.md,100644,eb6b63cb31a7185cfdf673de31f4f24034d331e3,10710,ec50f88129ce8158432f44b0a85f0662ae82af9cc6d5634ad3eb445e7e446015,10710,ec50f88129ce8158432f44b0a85f0662ae82af9cc6d5634ad3eb445e7e446015,MATCH
ops/TASK-20260904__supnick_feasibility_classification/TASK_LOG.md,100644,40980d0c4bf9cb4f9bf6b9c2690972cf0ed635b1,3741,f3a6ecb036b7af2f442fbedab413208b18d9c32d45a4b179816be57b5a89df86,3741,f3a6ecb036b7af2f442fbedab413208b18d9c32d45a4b179816be57b5a89df86,MATCH
ops/TASK-20260904__supnick_feasibility_classification/TASK_STATUS.md,100644,85e975da052f176da7a365d8e5063c19e8b65d3c,2504,0d3078e0701bf23d663c284fb1dee465bf708388349a93175822ca0aee1e6ad6,2504,0d3078e0701bf23d663c284fb1dee465bf708388349a93175822ca0aee1e6ad6,MATCH
ops/TASK-20260904__supnick_feasibility_classification/check_exact.py,100644,9f22f2111627fb2e481e7d3945d50a40e4d0b3d5,11421,1d950671937e6d6525b04575628871efce3bb28ce6b294c448ae20bc87a3fc65,11421,1d950671937e6d6525b04575628871efce3bb28ce6b294c448ae20bc87a3fc65,MATCH
ops/TASK-20260904__supnick_feasibility_classification/diagnose.py,100644,2f633eed420d3b3d55ac6b5ecc818ac68de6a447,5295,681a65b6ee0806434d83bc84f0f3abec71382a752f8fc86c83f07abce4adb465,5295,681a65b6ee0806434d83bc84f0f3abec71382a752f8fc86c83f07abce4adb465,MATCH
ops/TASK-20260904__supnick_full_feasibility/EVIDENCE.md,100644,d6ee28248625deda0e576c7ff9a182a2d3d3f836,10706,97205b672aae75ac3625fede0a478f8308cfec4328c659faf8281c97956bf63f,10706,97205b672aae75ac3625fede0a478f8308cfec4328c659faf8281c97956bf63f,MATCH
ops/TASK-20260904__supnick_full_feasibility/TASK_LOG.md,100644,0a510eb0ca469e86d3f3f40d613b7f93cfc56519,4749,12b02d8e59f9615ce13be16d39e354197e5e28586fc3c662147173ec7b988acd,4749,12b02d8e59f9615ce13be16d39e354197e5e28586fc3c662147173ec7b988acd,MATCH
ops/TASK-20260904__supnick_full_feasibility/TASK_STATUS.md,100644,cdeabd524623c5fcc9b636b90b473ba0a3a09093,3190,c82fbb55fda40faf488acb17b9ef4af16082efcd5bf4ceef8287a62357d6056e,3190,c82fbb55fda40faf488acb17b9ef4af16082efcd5bf4ceef8287a62357d6056e,MATCH
ops/TASK-20260904__supnick_full_feasibility/check_exact.py,100644,76d62bc829ba9ad8795853bd82496e6dba0121c4,7138,e8aa49e24a9c0fa8750cb652ee3b1e603f2e9655a18a59da4b39f81346daa460,7138,e8aa49e24a9c0fa8750cb652ee3b1e603f2e9655a18a59da4b39f81346daa460,MATCH
ops/TASK-20260904__supnick_full_feasibility/diagnose.py,100644,fd0607c2d85dfa08e2214579fc4799d2bd650544,4189,44577c48844ab89decd9efcad044e3e8980f06a6ef6b5f36d79a48aa85b49674,4189,44577c48844ab89decd9efcad044e3e8980f06a6ef6b5f36d79a48aa85b49674,MATCH
ops/TASK-20260905__adjacent_high_swap/EVIDENCE.md,100644,bf43b65e0d94d6b622a498783e5d5017f25111ef,13657,a0eecd57df1dbbf2f7e0539f63ae8ae5710f1e81c6d54084f1656508e0e1513f,13657,a0eecd57df1dbbf2f7e0539f63ae8ae5710f1e81c6d54084f1656508e0e1513f,MATCH
ops/TASK-20260905__adjacent_high_swap/TASK_LOG.md,100644,80a917c81c883246e209cf58bde47c399aa086b7,5556,aaebf624de745bca40914e400f1f18c64fe460b7ac3639e097f666fd90b8e514,5556,aaebf624de745bca40914e400f1f18c64fe460b7ac3639e097f666fd90b8e514,MATCH
ops/TASK-20260905__adjacent_high_swap/TASK_STATUS.md,100644,3bab3ce66786a62fd724a91fa60beb235a59dae7,3720,59db1e50033ad3b20922d03a5f79fe2fb1c447578c7e1608ae556fbdc3ebc74b,3720,59db1e50033ad3b20922d03a5f79fe2fb1c447578c7e1608ae556fbdc3ebc74b,MATCH
ops/TASK-20260905__adjacent_high_swap/check_exact_and_local.py,100644,e4792f30cdc189a798f379aebff429e023c689ea,10799,e86d95ae0f05d3caf6b62f82a85cc7f0f382c8873cc4cd2cb84722230225b9e0,10799,e86d95ae0f05d3caf6b62f82a85cc7f0f382c8873cc4cd2cb84722230225b9e0,MATCH
ops/TASK-20260905__adjacent_high_swap/check_falsification.py,100644,7113b85629ce1ba0982a54e2f59b8abddde5bf16,4000,5df8a79bc7a24223c0f605abb64408df6efdfef3c1906b8e0cd3b42c3bb2587c,4000,5df8a79bc7a24223c0f605abb64408df6efdfef3c1906b8e0cd3b42c3bb2587c,MATCH
ops/TASK-20260905__mu_ref_recovery/EVIDENCE.md,100644,bee1f4f05a3ed237bf1e9b978e61d64fcd54e05c,10311,2851d48505b69060188fd5791e2b03c080f8822a53f1c44d5ed1b03e0311071c,10311,2851d48505b69060188fd5791e2b03c080f8822a53f1c44d5ed1b03e0311071c,MATCH
ops/TASK-20260905__mu_ref_recovery/TASK_LOG.md,100644,9d94c650c99e60ddb09411ab58a8a7eae4ef68fd,3705,bd312a40de23e97f245337e9b620e1dad18bcbf4cfedffadb2e61039e816195c,3705,bd312a40de23e97f245337e9b620e1dad18bcbf4cfedffadb2e61039e816195c,MATCH
ops/TASK-20260905__mu_ref_recovery/TASK_STATUS.md,100644,f17ad1e9fa8b239ee079ce522f3b2da6e0138a78,3583,e6c745e1524a3cafc24e2546bb67a44e5ceef3239fb7393968a1e5da39c6de5b,3583,e6c745e1524a3cafc24e2546bb67a44e5ceef3239fb7393968a1e5da39c6de5b,MATCH
ops/TASK-20260905__mu_ref_recovery/check_recovery.py,100644,c02e75809205f20a04b88ccc41b3a7397b5c0165,7776,8352142e9d2138b5b88b353946bf2fc9d4eb0eb4cdd45a4b18e0e9e0008fd2c6,7776,8352142e9d2138b5b88b353946bf2fc9d4eb0eb4cdd45a4b18e0e9e0008fd2c6,MATCH
ops/TASK-20260905__permuted_alternating_halves/EVIDENCE.md,100644,688dc75e0b72253fd57e5d47999e785eeee2bb64,12922,1f2766bb70bbd9749f8227ef3f8564dddc1cd5f9e92d73fb6a0cd354eff9a8d8,12922,1f2766bb70bbd9749f8227ef3f8564dddc1cd5f9e92d73fb6a0cd354eff9a8d8,MATCH
ops/TASK-20260905__permuted_alternating_halves/TASK_LOG.md,100644,5ad6c57905d2545b74c3212819e321204b3d7c42,4875,18f03ac0803ad44caa08881e491e96ecc774f1362c2c3633035eff06c2eb05a0,4875,18f03ac0803ad44caa08881e491e96ecc774f1362c2c3633035eff06c2eb05a0,MATCH
ops/TASK-20260905__permuted_alternating_halves/TASK_STATUS.md,100644,74ff4df08e4e08a3033a59001b1c304fcd6bd5e2,3795,26ee7ad85de34610740ea0e450cebd9ec864bd8fef65a5dc053cce683045afd1,3795,26ee7ad85de34610740ea0e450cebd9ec864bd8fef65a5dc053cce683045afd1,MATCH
ops/TASK-20260905__permuted_alternating_halves/check_falsification.py,100644,e79767ec0c8fe612e445710148eba05b8b7f5089,3429,37cd3e0c2f528f47738d9010e921726738011655eb098f884430f6a3bccce431,3429,37cd3e0c2f528f47738d9010e921726738011655eb098f884430f6a3bccce431,MATCH
ops/TASK-20260905__permuted_alternating_halves/check_witness.py,100644,86ea59f030a7b4fa7d8d44a4953f4d3ada0b1415,8173,bd9d763bca27f391e4c79660cd111304d609dcd4df9e709da2cb102e99f64bbb,8173,bd9d763bca27f391e4c79660cd111304d609dcd4df9e709da2cb102e99f64bbb,MATCH
ops/TASK-20260905__permuted_halves_local_stability/EVIDENCE.md,100644,e7151b5f547d22566f49b3bdbf972cb889435929,10342,6e21cd0307f69b735d6f5131d094f1e54954a78b2a23d3d751280a62a40bcbfa,10342,6e21cd0307f69b735d6f5131d094f1e54954a78b2a23d3d751280a62a40bcbfa,MATCH
ops/TASK-20260905__permuted_halves_local_stability/TASK_LOG.md,100644,c6160418d3f3cc93622b939b2973cb1321454e95,4395,da8d86f66094d58cfe503feb22005e7997fd1fd16dc0e7d2483a12097a0af4a5,4395,da8d86f66094d58cfe503feb22005e7997fd1fd16dc0e7d2483a12097a0af4a5,MATCH
ops/TASK-20260905__permuted_halves_local_stability/TASK_STATUS.md,100644,495fb6fe9619dd033dfadee5485c3468be9e2fea,3591,188ea5083c039f0b3687fdcaf72532010f099fb182a505e9ec2b34d20a052bb6,3591,188ea5083c039f0b3687fdcaf72532010f099fb182a505e9ec2b34d20a052bb6,MATCH
ops/TASK-20260905__permuted_halves_local_stability/check_stability.py,100644,38e94bd9cbf8f64afaacb54f0b40a8965a21057d,7109,b530603e7a32261cafbd82460a789dc4fb9d71357adf488d47f8055581ac14db,7109,b530603e7a32261cafbd82460a789dc4fb9d71357adf488d47f8055581ac14db,MATCH
ops/TASK-20260905__permuted_halves_root_search/EVIDENCE.md,100644,d9de552e67916cede132c6a7522189ee779be8a1,11377,a18022eb0c3fe07e64f39e86422eca346ec313ac22cacdfc996360b02945e56f,11377,a18022eb0c3fe07e64f39e86422eca346ec313ac22cacdfc996360b02945e56f,MATCH
ops/TASK-20260905__permuted_halves_root_search/TASK_LOG.md,100644,dcd4ecb77ece2e1f9854b8450db146efb4ae52d9,4243,ae4b1f63bba0ad507eefdc14ff44d5672eba8687cfda8086320e4fbb625da1fd,4243,ae4b1f63bba0ad507eefdc14ff44d5672eba8687cfda8086320e4fbb625da1fd,MATCH
ops/TASK-20260905__permuted_halves_root_search/TASK_STATUS.md,100644,a66b3c69339edfd4fc09d17e2126e80df47ce06a,4021,4ba97a69089e8d84e586330cbdfc59085124d7c84c8c7974a309917188e50a77,4021,4ba97a69089e8d84e586330cbdfc59085124d7c84c8c7974a309917188e50a77,MATCH
ops/TASK-20260905__permuted_halves_root_search/certificate.json,100644,e59cae2c097277b06b870dd33cb5b9bf4998fba1,9451,beb5393dc766d54075aa83292a04ab1b3b8f8aa6d5580cac397b26b313d332a1,9451,beb5393dc766d54075aa83292a04ab1b3b8f8aa6d5580cac397b26b313d332a1,MATCH
ops/TASK-20260905__permuted_halves_root_search/check_roots.py,100644,82fca87528951fe59d6731e267764ed280c139a1,13182,9ebb8f6e3b8afd51f7496f3547924561c4f3b666e5ce11e86230ae6561db769b,13182,9ebb8f6e3b8afd51f7496f3547924561c4f3b666e5ce11e86230ae6561db769b,MATCH
ops/TASK-20260905__permuted_halves_root_search/roots.json,100644,f94fca040bc42e6939250d9a7829b6a5b31eaad1,12034,cfd84e785bcc741313e65e6fcb40d9fa7a142cf3d86dc4bea7a68e651a752689,12034,cfd84e785bcc741313e65e6fcb40d9fa7a142cf3d86dc4bea7a68e651a752689,MATCH
ops/TASK-20260905__permuted_halves_root_search/search_roots.py,100644,e9b218d9332e067da01e87c53671efc0c30973a6,3726,d62016fbbee95670d62b33575b47cf808a7aff4a601232ac1c70a3abe01492b5,3726,d62016fbbee95670d62b33575b47cf808a7aff4a601232ac1c70a3abe01492b5,MATCH
ops/TASK-20260905__reflected_prefix/EVIDENCE.md,100644,39e21ac92b9232024c015e84bf94ddb94504b040,12770,402ad6e102372cac988e50c91041ea92d999350e68c1aae23bfc60ca9e46de7e,12770,402ad6e102372cac988e50c91041ea92d999350e68c1aae23bfc60ca9e46de7e,MATCH
ops/TASK-20260905__reflected_prefix/TASK_LOG.md,100644,b4dc398f8c2eb604b2b655bf4e42f3cb3b7644db,3850,00027eec6b451ac7f271e6b13ca83c2e6bf81eafc20677452cb15c9408e19605,3850,00027eec6b451ac7f271e6b13ca83c2e6bf81eafc20677452cb15c9408e19605,MATCH
ops/TASK-20260905__reflected_prefix/TASK_STATUS.md,100644,94e3b621ba9bff6fbbd592c7407f1100f59da6c6,3553,30bc5ec862ac553d566324b96b64a585ca03cab6c5c9e608e59a939bd823b9b3,3553,30bc5ec862ac553d566324b96b64a585ca03cab6c5c9e608e59a939bd823b9b3,MATCH
ops/TASK-20260905__reflected_prefix/check_prefix.py,100644,32fb56a2192882d6ebf8ff2885cb5c5573c9fc01,14537,871cec1b0e1dc991525689e1e57b316f5148ecdbcabecf39a72c782d4a540e26,14537,871cec1b0e1dc991525689e1e57b316f5148ecdbcabecf39a72c782d4a540e26,MATCH
ops/TASK-20260905__reflected_prefix_alpha/EVIDENCE.md,100644,1469e1259353d820992d3b4b8f4234910412ae10,15566,e408767eabcdb1a7962da15f9a7af711573a7e2d2f29b2fe8d9dcb254b0c6f31,15566,e408767eabcdb1a7962da15f9a7af711573a7e2d2f29b2fe8d9dcb254b0c6f31,MATCH
ops/TASK-20260905__reflected_prefix_alpha/TASK_LOG.md,100644,63755ba81f2ee5e6b00746ded295dbcd2424a347,6326,6bcfe296ec09a9618ae205d8de3a32069eb8b77d12fa24541a6b589063360237,6326,6bcfe296ec09a9618ae205d8de3a32069eb8b77d12fa24541a6b589063360237,MATCH
ops/TASK-20260905__reflected_prefix_alpha/TASK_STATUS.md,100644,9d3add346fe3e241570b77789cb9f8156e44b18f,4573,f8d95fe4eafa35d3c22eb41c611ae0a998591119c8d0e8137a4a88d63f2a1564,4573,f8d95fe4eafa35d3c22eb41c611ae0a998591119c8d0e8137a4a88d63f2a1564,MATCH
ops/TASK-20260905__reflected_prefix_alpha/check_alpha.py,100644,dd2a3ad5c675d2db40bfdc19ec4ca7879b0740df,14441,5b8d1aec7b3968580f2adf905476aed67129d5c82004dbc637443304051180c5,14441,5b8d1aec7b3968580f2adf905476aed67129d5c82004dbc637443304051180c5,MATCH
ops/TASK-20260905__reflected_prefix_alpha_minimum/EVIDENCE.md,100644,654dc3811290345f84a7a28a438d2736cc19a5b7,21344,8da06af9b7c55036e4828158d6abbbcdcd088d73a7c30ee4a87c6471ba9b4393,21344,8da06af9b7c55036e4828158d6abbbcdcd088d73a7c30ee4a87c6471ba9b4393,MATCH
ops/TASK-20260905__reflected_prefix_alpha_minimum/TASK_LOG.md,100644,6748ded20499db80cf21d35109e1a5df3f41d64b,6805,53a4cd3b66784bb1e030e3481837ab4d8d4bb660cb1d5623e23e991b3165650d,6805,53a4cd3b66784bb1e030e3481837ab4d8d4bb660cb1d5623e23e991b3165650d,MATCH
ops/TASK-20260905__reflected_prefix_alpha_minimum/TASK_STATUS.md,100644,1c51c49b69714c0b9f0276c522ec2a5eff20415b,4561,8cce91eebb486ad37aaa219a22037824f3ed2e14e5b34bde7bcf7b4d1ba5a083,4561,8cce91eebb486ad37aaa219a22037824f3ed2e14e5b34bde7bcf7b4d1ba5a083,MATCH
ops/TASK-20260905__reflected_prefix_alpha_minimum/check_alpha_minimum.py,100644,1185a65eb797043792c8d6778a017997295800a1,11320,19ed6ee315d22c5cfe525778cf032bfac8d89a803d23826ed5bd5f2bf9850521,11320,19ed6ee315d22c5cfe525778cf032bfac8d89a803d23826ed5bd5f2bf9850521,MATCH
ops/TASK-20260905__reflected_prefix_joint_minimum/EVIDENCE.md,100644,8901a4fd4e13ad2677e680e4f64f9290ae43a7c2,13455,ea720476d59b3abab897f7469d591a726be3af2b9847a8b842b72e08daaacb66,13455,ea720476d59b3abab897f7469d591a726be3af2b9847a8b842b72e08daaacb66,MATCH
ops/TASK-20260905__reflected_prefix_joint_minimum/TASK_LOG.md,100644,ebd02b5d9e1edf386ce41b4c878557e610fd2074,5058,db3e739185988df126ca015a3d7c5c184013126b896a3a14db7d46709a13a1ca,5058,db3e739185988df126ca015a3d7c5c184013126b896a3a14db7d46709a13a1ca,MATCH
ops/TASK-20260905__reflected_prefix_joint_minimum/TASK_STATUS.md,100644,fb8b1dc1aebc48300bb90c13fe5e96b8d52a1cd6,3703,db13b675747fea595fd7362d7004e676d05b4f31e6a877ed1f0205236b53a2f2,3703,db13b675747fea595fd7362d7004e676d05b4f31e6a877ed1f0205236b53a2f2,MATCH
ops/TASK-20260905__reflected_prefix_joint_minimum/check_joint_minimum.py,100644,f94399ceb26e99a1bfee6e3da57241de26c422d2,8807,29ee5149e8d68f88c4550ae1f8afce325023f6ab27d1745805c909f0364dae85,8807,29ee5149e8d68f88c4550ae1f8afce325023f6ab27d1745805c909f0364dae85,MATCH
ops/TASK-20260905__reflected_prefix_lambda/EVIDENCE.md,100644,6ca29a4429ade1c967e25ae2057dfb4a5bddffc6,17796,7301420a650631a6f38325ae14ab0459602e7bcf939cccf547da29b10d075feb,17796,7301420a650631a6f38325ae14ab0459602e7bcf939cccf547da29b10d075feb,MATCH
ops/TASK-20260905__reflected_prefix_lambda/TASK_LOG.md,100644,c79e1eb5e3310bbc786afef59cb5440b434725f5,7792,0e1541bbdeb25f288fcd38ef79d16b2cbd2ba7dc8091ba306cf8d380a04dd204,7792,0e1541bbdeb25f288fcd38ef79d16b2cbd2ba7dc8091ba306cf8d380a04dd204,MATCH
ops/TASK-20260905__reflected_prefix_lambda/TASK_STATUS.md,100644,33f5740f276848de902564e3606574c7fe4de3e2,4223,aac500dbf841a481cdb66900df6121b5c3ee174d5f87e788a3fe924d28d7e1da,4223,aac500dbf841a481cdb66900df6121b5c3ee174d5f87e788a3fe924d28d7e1da,MATCH
ops/TASK-20260905__reflected_prefix_lambda/check_lambda.py,100644,68e7e1e5c4a1ce70a6d9275ece3b45252143e99a,17692,439ac0ead71a03788bcefe72f4296a787a1e830140747192495ab8c9caa8c8d0,17692,439ac0ead71a03788bcefe72f4296a787a1e830140747192495ab8c9caa8c8d0,MATCH
ops/TASK-20260905__second_block_recovery/EVIDENCE.md,100644,4b96129f9936d14095489cec1e4bb8c03a6b32de,13458,79930aa5302a76694b3c2b222fa9c0db090fa01fe1a01f0b39b9d976bb381820,13458,79930aa5302a76694b3c2b222fa9c0db090fa01fe1a01f0b39b9d976bb381820,MATCH
ops/TASK-20260905__second_block_recovery/TASK_LOG.md,100644,faffd77971163d0bd958c18928b849e6c0d4ecd6,3909,665e73f74a2245894fa96899b61ca5bb3679d5467bae495b2f0fad665576cbb6,3909,665e73f74a2245894fa96899b61ca5bb3679d5467bae495b2f0fad665576cbb6,MATCH
ops/TASK-20260905__second_block_recovery/TASK_STATUS.md,100644,9d3d0169f145faec9e512ad10964b40494ef5b79,4239,991ab09a5690e515af8d5f75af4ec222dfd0f0e22db18eec4d5acb544fbf4973,4239,991ab09a5690e515af8d5f75af4ec222dfd0f0e22db18eec4d5acb544fbf4973,MATCH
ops/TASK-20260905__second_block_recovery/check_recovery.py,100644,082a78be4f537ce2ea8431dd1d25d6c85bcd283a,13553,ed3b7c4d9ede014b0f1514ebf97b254302f8d91bdf1955acfd58f88decebc5ba,13553,ed3b7c4d9ede014b0f1514ebf97b254302f8d91bdf1955acfd58f88decebc5ba,MATCH
ops/TASK-20260905__second_reflected_block/EVIDENCE.md,100644,17a4078a88b151480251f5b0c1b1f16b19c1fbeb,12622,4cf826a7d76e4d1b8b71cfaf1c9b57995e9c8614f6197696ba0834c8bbd3aeae,12622,4cf826a7d76e4d1b8b71cfaf1c9b57995e9c8614f6197696ba0834c8bbd3aeae,MATCH
ops/TASK-20260905__second_reflected_block/TASK_LOG.md,100644,abad70c5956bb4a8ae53d5623ab45eef07125616,3299,2420c876f86506d8ffd55b2f9b7057dcd8588e6ee687a0347fc4e01e950475e4,3299,2420c876f86506d8ffd55b2f9b7057dcd8588e6ee687a0347fc4e01e950475e4,MATCH
ops/TASK-20260905__second_reflected_block/TASK_STATUS.md,100644,fdb92f2a6305ace22065533a6fc95ad1d160ff60,3862,d136189aca7513a76cfbc62f0d5ae1b16629504a0a012fc444dc8d6570053a17,3862,d136189aca7513a76cfbc62f0d5ae1b16629504a0a012fc444dc8d6570053a17,MATCH
ops/TASK-20260905__second_reflected_block/check_second_block.py,100644,646340077b975edf88dc6dd40d776d4a537a436a,7338,25d8faf18f4093bfe4e6406a07e792a3034c88e69cc116e142447413605210f9,7338,25d8faf18f4093bfe4e6406a07e792a3034c88e69cc116e142447413605210f9,MATCH
ops/TASK-20260905__shifted_alternating_halves/EVIDENCE.md,100644,4733229691d1d94999f23d0ff9e51586c33d77af,10349,1ac059455a0cb5f7890415a4b93e32b9c9d0a3db91c6b1aa9d078bc079ac5e17,10349,1ac059455a0cb5f7890415a4b93e32b9c9d0a3db91c6b1aa9d078bc079ac5e17,MATCH
ops/TASK-20260905__shifted_alternating_halves/TASK_LOG.md,100644,725c267c00c0efdf888128df8572134eaf56b13d,5287,d4f083e5a20b57ce27610fed12fd2ad71adabcb300c261c24876918cf35c651b,5287,d4f083e5a20b57ce27610fed12fd2ad71adabcb300c261c24876918cf35c651b,MATCH
ops/TASK-20260905__shifted_alternating_halves/TASK_STATUS.md,100644,f4e177fc92db4ef078d9d9da2fcc6d2de0872a4c,3174,d3a43a5c420f76ee4f12f03682ca18d8a50bd2e9e7abd20b34d454a055a47d02,3174,d3a43a5c420f76ee4f12f03682ca18d8a50bd2e9e7abd20b34d454a055a47d02,MATCH
ops/TASK-20260905__shifted_alternating_halves/check_diagnostic.py,100644,eebf0da4a88aa9fbd50e86d56ac0937360388f65,7326,2cfd03778c32301d5aaf2186103503fd54b2799b004f17137de0a657ec111c9f,7326,2cfd03778c32301d5aaf2186103503fd54b2799b004f17137de0a657ec111c9f,MATCH
ops/TASK-20260905__shifted_alternating_halves/check_exact.py,100644,543a6bbcb55cff304c0122474fd14cae6cf51924,5549,fab91545a030f6458924463f9a8023bedde754d1526560654add2db3afa0d7cf,5549,fab91545a030f6458924463f9a8023bedde754d1526560654add2db3afa0d7cf,MATCH
ops/TASK-20260905__three_marginal_relaxation/EVIDENCE.md,100644,a7162fb2fdcb229a2768b85a7190dd9a2bcba06e,9937,565d4cdcd9271f64717a46408db0d153157dc7e46eb46895699879da9c22d14a,9937,565d4cdcd9271f64717a46408db0d153157dc7e46eb46895699879da9c22d14a,MATCH
ops/TASK-20260905__three_marginal_relaxation/TASK_LOG.md,100644,518fbafa2763533ca87145a616fa4b027e956149,4045,a61246a60dd64e424ad17de0ccfdae182b742961609c1a5a7e147db83cef0da8,4045,a61246a60dd64e424ad17de0ccfdae182b742961609c1a5a7e147db83cef0da8,MATCH
ops/TASK-20260905__three_marginal_relaxation/TASK_STATUS.md,100644,dc123934ac2bd0687cc0249877f505f90e124ec6,3356,bd0a151a43002ed7f445e3a571861ae862ac5620f6dfa8c32b79627552f2ce87,3356,bd0a151a43002ed7f445e3a571861ae862ac5620f6dfa8c32b79627552f2ce87,MATCH
ops/TASK-20260905__three_marginal_relaxation/check_relaxation.py,100644,602dfb3ac4e0a7a596ef1ee56237a43573e23d5c,9652,807c45e4f1dd9376d8ad4245a0d59c07dd01446ff3b6027ef31e10e23eb83c8a,9652,807c45e4f1dd9376d8ad4245a0d59c07dd01446ff3b6027ef31e10e23eb83c8a,MATCH
ops/TASK-20260906__boundary_recovery/EVIDENCE.md,100644,e74ff8ee6039134e2502fbd80c49bdd06a29f394,12475,f0b4a053e2f6ad03d4e0099240d5bf2662c5692e48da1369c55d288f621c86b0,12475,f0b4a053e2f6ad03d4e0099240d5bf2662c5692e48da1369c55d288f621c86b0,MATCH
ops/TASK-20260906__boundary_recovery/TASK_LOG.md,100644,e56f2cc5a228c9e4e5081a985524ebe8c9348206,4690,0de67996d5cfa33f923a53de3063e5ff2cbf164684134a5fad416962a814c7e6,4690,0de67996d5cfa33f923a53de3063e5ff2cbf164684134a5fad416962a814c7e6,MATCH
ops/TASK-20260906__boundary_recovery/TASK_STATUS.md,100644,f0f7f85431b8738034ab0c0d588fc1bd84cd91fc,3116,2c782faf7f8c1b073c61374f21a81e413ca71bed1f202b98d2a4a7bf5c4b6abc,3116,2c782faf7f8c1b073c61374f21a81e413ca71bed1f202b98d2a4a7bf5c4b6abc,MATCH
ops/TASK-20260906__boundary_recovery/check_recovery.py,100644,38fe32e4bfdbfed472eb54c7bf6e2b085f4c9d7b,10100,1f56cc88c5a6eedea05fa531aded92d3333cf35a02ddc31a86683575f2952631,10100,1f56cc88c5a6eedea05fa531aded92d3333cf35a02ddc31a86683575f2952631,MATCH
ops/TASK-20260906__second_block_boundary_minimum/EVIDENCE.md,100644,62f230807abf9ca6f496cbd9c5610c6ab5f0f2d4,15496,d29aecdad11d0e156c66c01fa927c17386c5f81bc49c9d94cde554d775ab511c,15496,d29aecdad11d0e156c66c01fa927c17386c5f81bc49c9d94cde554d775ab511c,MATCH
ops/TASK-20260906__second_block_boundary_minimum/TASK_LOG.md,100644,243407f69dfd432b6b4bc98fefa8bc2cc3d64ec0,5553,28d6d011d98857b44226c9083f7dfca5ae995d1f436bc60995d1f50bc1d97592,5553,28d6d011d98857b44226c9083f7dfca5ae995d1f436bc60995d1f50bc1d97592,MATCH
ops/TASK-20260906__second_block_boundary_minimum/TASK_STATUS.md,100644,e46dcda43482fcc4188e164a56de441e139e8cf1,3222,3cc82d6fd23a75dacc6012617df70b1b47a3951551762a0b7f6afc77982c82de,3222,3cc82d6fd23a75dacc6012617df70b1b47a3951551762a0b7f6afc77982c82de,MATCH
ops/TASK-20260906__second_block_boundary_minimum/check_boundary.py,100644,3c9d8843900d94a2ba63f64bed96ae78d42e8933,2174,c3c475e9a9df25242b4225f993e26f99ef55914287ba6f8df32b5c2aba396b8c,2174,c3c475e9a9df25242b4225f993e26f99ef55914287ba6f8df32b5c2aba396b8c,MATCH
ops/TASK-20260906__second_block_boundary_minimum/diagnose_boundary.py,100644,a9cf152a4b8cfd72cc8d3a1584195ffb315f4435,5296,a003027c71f333672824f50d43bac57e1149a765db87529eb63475250699afb8,5296,a003027c71f333672824f50d43bac57e1149a765db87529eb63475250699afb8,MATCH
ops/TASK-20260906__second_block_full_root/EVIDENCE.md,100644,70b3d030f3c9d94894c4c6a358383e04f88384dd,16603,53a8a5d6be9c63e8a9b72476de1c4ec1802c638e5f9bd9d6cccb12602ed33164,16603,53a8a5d6be9c63e8a9b72476de1c4ec1802c638e5f9bd9d6cccb12602ed33164,MATCH
ops/TASK-20260906__second_block_full_root/TASK_LOG.md,100644,ff69ea297628fb949076dfae075079b8b0054431,4083,5175a751f52c1caa3959a73b3163351d0c252b534e6fb89c17c8cf5b3cacd359,4083,5175a751f52c1caa3959a73b3163351d0c252b534e6fb89c17c8cf5b3cacd359,MATCH
ops/TASK-20260906__second_block_full_root/TASK_STATUS.md,100644,2cb5c9e9e6fcde5012b5fe0fc90081b8018c802d,4006,f3048cf36fd9c5e1175a8a70ad2cab77129e7ef8d8b12e6f4dac8c88ca73627c,4006,f3048cf36fd9c5e1175a8a70ad2cab77129e7ef8d8b12e6f4dac8c88ca73627c,MATCH
ops/TASK-20260906__second_block_full_root/check_full_root.py,100644,d6a7997150bcadfe37e262aec88fdeb9c301d51b,10698,33417b26c4a621b0793b05391478d3b9b9d4fb0f8c4f336359220e5b87798ed7,10698,33417b26c4a621b0793b05391478d3b9b9d4fb0f8c4f336359220e5b87798ed7,MATCH
ops/TASK-20260906__second_block_start/EVIDENCE.md,100644,6db288e006ae4a1bdb48fe214ec1caefcbe839aa,19040,3a7a6f7e68d5dc7ccc00c735eaab01cdffdb72b532d62695785c55cced9a274b,19040,3a7a6f7e68d5dc7ccc00c735eaab01cdffdb72b532d62695785c55cced9a274b,MATCH
ops/TASK-20260906__second_block_start/TASK_LOG.md,100644,05fb0d746de41a27d9f606b4638c2f9dc8af412c,4266,ebf15487e8b08be2b7b896b1800db701f997e8cd168f2e53217292d5593b8a02,4266,ebf15487e8b08be2b7b896b1800db701f997e8cd168f2e53217292d5593b8a02,MATCH
ops/TASK-20260906__second_block_start/TASK_STATUS.md,100644,6995bbde75fdcac2315b017dcabdbdd6532f5fe2,3318,b997cfb58f4eb6505116ff310ca98c933ac83ed99ee18535037bac087f93978f,3318,b997cfb58f4eb6505116ff310ca98c933ac83ed99ee18535037bac087f93978f,MATCH
ops/TASK-20260906__second_block_start/check_start.py,100644,04f24d88642e74dd8f05c2ab105ca91c4bdda2e3,3947,c6236b4828bd3d5661d52db865b867b061ddb74736629f64d01367df6660d71d,3947,c6236b4828bd3d5661d52db865b867b061ddb74736629f64d01367df6660d71d,MATCH
ops/TASK-20260906__second_block_start_domain/EVIDENCE.md,100644,82c3140ecacec1d0e3e4867ec4254046e7a26d20,19966,34d40bc1f5f6cf714e460d72db90b7d165a55e98a8e3b0871036bceb5a8462c5,19966,34d40bc1f5f6cf714e460d72db90b7d165a55e98a8e3b0871036bceb5a8462c5,MATCH
ops/TASK-20260906__second_block_start_domain/TASK_LOG.md,100644,8c09c8d5143b66e1f074208959ca33ac57e7d95a,5486,1e868107db0274073b3495c51e38763dc1d915fab71199e0164044258f2af5a7,5486,1e868107db0274073b3495c51e38763dc1d915fab71199e0164044258f2af5a7,MATCH
ops/TASK-20260906__second_block_start_domain/TASK_STATUS.md,100644,d9f0cec7ac7ecd451b7b04336a20c8a28c257210,3576,9c98198b51ed917cd6c4ad0f4002bdd8c9167657c965efc0ffeb111d3a69df85,3576,9c98198b51ed917cd6c4ad0f4002bdd8c9167657c965efc0ffeb111d3a69df85,MATCH
ops/TASK-20260906__second_block_start_domain/check_domain.py,100644,468458bc5d6d1531e7c83e15aa04107724c39868,1187,a321de337e137fa2c704483ced2ac3fa8c199bc6a16b050507afbcf28d498b02,1187,a321de337e137fa2c704483ced2ac3fa8c199bc6a16b050507afbcf28d498b02,MATCH
ops/TASK-20260906__second_block_width/EVIDENCE.md,100644,7077d50f1ea993c2839d8b53be4ca98a94723451,14935,2274148976fe940cb07a593fb8340c45d33f12200c00332499a6303a7476d247,14935,2274148976fe940cb07a593fb8340c45d33f12200c00332499a6303a7476d247,MATCH
ops/TASK-20260906__second_block_width/TASK_LOG.md,100644,209b9692787ec1befd6d7ba1c365733df8d8aac8,5704,3d2d080fece2bf4c2a904e20f94c233ba7e987c14cd7f8a9473ed6fbc5b797c7,5704,3d2d080fece2bf4c2a904e20f94c233ba7e987c14cd7f8a9473ed6fbc5b797c7,MATCH
ops/TASK-20260906__second_block_width/TASK_STATUS.md,100644,84efde62f9f924007508d35404f0c52b4f77f56f,2904,4f6870c32e690ae25e5c608ac8e8a2471a9c6f9767a923891ad125d7af907e7b,2904,4f6870c32e690ae25e5c608ac8e8a2471a9c6f9767a923891ad125d7af907e7b,MATCH
ops/TASK-20260906__second_block_width/check_width.py,100644,644568c53ac2b9713bc2c5a3ec925e62c08afae9,9908,06d84e7e1a8efcbc0525a3322ad8b0be34f4693525adb087c6f00c0a51fa7d6d,9908,06d84e7e1a8efcbc0525a3322ad8b0be34f4693525adb087c6f00c0a51fa7d6d,MATCH
ops/TASK-20260907__boundary_full_root/EVIDENCE.md,100644,df47372b8b5fc7a6b1bb04cf077c12874b552275,15867,6c969c142b907ca153a82a60e3dc57a9018e6ca0409ae488110cd1df51776901,15867,6c969c142b907ca153a82a60e3dc57a9018e6ca0409ae488110cd1df51776901,MATCH
ops/TASK-20260907__boundary_full_root/TASK_LOG.md,100644,da48a02b4b58d4f7756779000524bdcc70ab4da9,3638,01b3eb467d72103a53a99637cb973c2f449898c26c4e4528a023b78b7ca29b67,3638,01b3eb467d72103a53a99637cb973c2f449898c26c4e4528a023b78b7ca29b67,MATCH
ops/TASK-20260907__boundary_full_root/TASK_STATUS.md,100644,9e7f5c287274b2ca89a98641227718a3780db118,2726,ae3b7070bb3ea4d19f0819de850d317d225788d587604f84e920af0645ebb353,2726,ae3b7070bb3ea4d19f0819de850d317d225788d587604f84e920af0645ebb353,MATCH
ops/TASK-20260907__boundary_full_root/check_full_root.py,100644,41172e31cdf34df425eb05452b40212c5eb526e0,11166,51319cd326a0b1a339de4a22f092494f29d72af541e9049f5b55dc2c4cb1b8e5,11166,51319cd326a0b1a339de4a22f092494f29d72af541e9049f5b55dc2c4cb1b8e5,MATCH
ops/TASK-20260907__boundary_full_root/diagnose_full_root.py,100644,622ad913b87b9013f84154b6461e0d1e8cfd8d8a,11624,c77d5695a8279b3f4a6deda16160364e4fb8df5de2b01ddfcb952df24958ba72,11624,c77d5695a8279b3f4a6deda16160364e4fb8df5de2b01ddfcb952df24958ba72,MATCH
ops/TASK-20260908__coupled_terminal_subsets/EVIDENCE.md,100644,9df780e880a4bff0eb648690c545d195138f6dba,9134,83f64062bd2eef7fe8cea26e06d7826e5c32e3d17ae8e8b162f0c32a3675d2db,9134,83f64062bd2eef7fe8cea26e06d7826e5c32e3d17ae8e8b162f0c32a3675d2db,MATCH
ops/TASK-20260908__coupled_terminal_subsets/TASK_LOG.md,100644,b1a7d2c80d0c3a3d07b292056996b70cc364ef62,5075,1bc02ae2a9c92ae66419ffdcdf00a49dbf8b2d1fe6bcfc916bec6d33062b9e6b,5075,1bc02ae2a9c92ae66419ffdcdf00a49dbf8b2d1fe6bcfc916bec6d33062b9e6b,MATCH
ops/TASK-20260908__coupled_terminal_subsets/TASK_STATUS.md,100644,83f44864519fbe43df91e71402eae99b99f6445e,2822,2fdb74bfd1f8da9993c332364c12c52acf06cf309378040c9ed8c7b8f308b5a8,2822,2fdb74bfd1f8da9993c332364c12c52acf06cf309378040c9ed8c7b8f308b5a8,MATCH
ops/TASK-20260908__coupled_terminal_subsets/check_exact.py,100644,9ca6fb0a0267acaa80d5e70e746a66314f5d4d36,4489,4fe10bada6cd5b3251b80c3d7866683174070a8c2565dda1483f47fe29c22e7a,4489,4fe10bada6cd5b3251b80c3d7866683174070a8c2565dda1483f47fe29c22e7a,MATCH
ops/TASK-20260908__third_adjacent_block/EVIDENCE.md,100644,3dd1484d18c60af5a1f92091988cbe75ff4692aa,13980,10611995cf74e79798c43f30ad18e7bf515a7d38d35dacbef36511ab2aef6dfc,13980,10611995cf74e79798c43f30ad18e7bf515a7d38d35dacbef36511ab2aef6dfc,MATCH
ops/TASK-20260908__third_adjacent_block/TASK_LOG.md,100644,b752a5353e11a7b54c6925eb359a9ec31c8e627a,4546,050804164800e1bfeb42289f9c75c8d20c0c55f2fc6a626663f95823ea64f4f1,4546,050804164800e1bfeb42289f9c75c8d20c0c55f2fc6a626663f95823ea64f4f1,MATCH
ops/TASK-20260908__third_adjacent_block/TASK_STATUS.md,100644,8fb334201663f5e6b0dc4cd2e5a4434a91dcff3f,2734,3d5dcb94ebae2662b0d043553544d60d89c0e2334602f422e0159ce040dd77b3,2734,3d5dcb94ebae2662b0d043553544d60d89c0e2334602f422e0159ce040dd77b3,MATCH
ops/TASK-20260908__third_adjacent_block/check_third_block.py,100644,92a8719c28c48e465c3bd5efa8bb8c9744e2ad54,4696,eb0eb9d8e7f83ec861da60213379065f879359c75ea0776edc92e1a34c84846c,4696,eb0eb9d8e7f83ec861da60213379065f879359c75ea0776edc92e1a34c84846c,MATCH
ops/TASK-20260908__third_block_full_root/EVIDENCE.md,100644,4edbc87d1165bdbb1faebd7104c4bf14a4e07285,15361,5f38efeba29122d9b882bf97a765bb8cd0735a4aa679f1e436e953a5604a8ed3,15361,5f38efeba29122d9b882bf97a765bb8cd0735a4aa679f1e436e953a5604a8ed3,MATCH
ops/TASK-20260908__third_block_full_root/TASK_LOG.md,100644,d228bf6aeaa926b7f3a22eb04d7743f6299ee5a6,3788,d713c43d6fb2558b8c542c30cda843ffac4ea8d1fe89e8b3edb66af972d5fef5,3788,d713c43d6fb2558b8c542c30cda843ffac4ea8d1fe89e8b3edb66af972d5fef5,MATCH
ops/TASK-20260908__third_block_full_root/TASK_STATUS.md,100644,acdc6bc32b55a730229cec93c18f3946f1624649,2602,7f6f5399b5024b862d469330a8fd72d4991ab2634e97e29e4e548496abcd31da,2602,7f6f5399b5024b862d469330a8fd72d4991ab2634e97e29e4e548496abcd31da,MATCH
ops/TASK-20260908__third_block_full_root/check_full_root.py,100644,94c3d98cee210221dabe63916f81a92b77c806d7,11199,2189f286c4e005744ef9e649f0150d07772f08ba8662ef155a23a9b705062eb6,11199,2189f286c4e005744ef9e649f0150d07772f08ba8662ef155a23a9b705062eb6,MATCH
ops/TASK-20260908__third_block_full_root/diagnose_full_root.py,100644,55b3bc2526f14638f37b9d201e4aee4e23ef7cbc,5303,d357d71381f4aaac24b01e956a54f6eba02da4957807f5a41102b8ff3d071a6a,5303,d357d71381f4aaac24b01e956a54f6eba02da4957807f5a41102b8ff3d071a6a,MATCH
ops/TASK-20260908__third_block_mixed_width/EVIDENCE.md,100644,05c67a36404a9e4569a5d7cc3d72d447199d1eaa,12361,114dbe77d4985d9fd220905468babbf7df0cf1b87f25675622ba78e3972b6066,12361,114dbe77d4985d9fd220905468babbf7df0cf1b87f25675622ba78e3972b6066,MATCH
ops/TASK-20260908__third_block_mixed_width/TASK_LOG.md,100644,e3822a2c40043b1b41730ec4eee17f414a21e314,4149,598ca7497f65270200f7b36813d908ec266086e84b346fd52f167ee8a95fc429,4149,598ca7497f65270200f7b36813d908ec266086e84b346fd52f167ee8a95fc429,MATCH
ops/TASK-20260908__third_block_mixed_width/TASK_STATUS.md,100644,d02b488145575c4c0c53962ec31978b092759fe8,2821,80e5ba555861cab42f9b3c41cbb91a8f7e8cee10829205d7d082377e1d35aaf5,2821,80e5ba555861cab42f9b3c41cbb91a8f7e8cee10829205d7d082377e1d35aaf5,MATCH
ops/TASK-20260908__third_block_mixed_width/check_mixed_width.py,100644,8d016afa425847d67a8f4fa83f3579306ac24c2e,2818,fd742d2586f64891b21648eceec45d714e3cd26d183f3353a4d07307b669600e,2818,fd742d2586f64891b21648eceec45d714e3cd26d183f3353a4d07307b669600e,MATCH
ops/TASK-20260908__third_block_recovery/EVIDENCE.md,100644,5b4db4b7e40fe331bf4e4564667eb00463b99be2,12575,757bbf3670a3074d4508d217fbbb9fee68d3b1ef102fb3d3d6bf6454051d3836,12575,757bbf3670a3074d4508d217fbbb9fee68d3b1ef102fb3d3d6bf6454051d3836,MATCH
ops/TASK-20260908__third_block_recovery/TASK_LOG.md,100644,71ec2687dc90a7b36991f7c1491cc07a73a3e933,3020,2137cfc1b9bfd7009a1d593870e5595636495d0ec4e0dffb687bc07bc91205e5,3020,2137cfc1b9bfd7009a1d593870e5595636495d0ec4e0dffb687bc07bc91205e5,MATCH
ops/TASK-20260908__third_block_recovery/TASK_STATUS.md,100644,028a8b7d61b82b84dd8455ee859861ab58919156,2749,f059aebfa0693819c1875f16cdff878ab0d4c9af52edc4ab3aae07c67129d677,2749,f059aebfa0693819c1875f16cdff878ab0d4c9af52edc4ab3aae07c67129d677,MATCH
ops/TASK-20260908__third_block_recovery/check_recovery.py,100644,3a4d97f2600769dd9f7c6e4af3eea1981e140366,11663,6f0948b3ba110d5ae6438bcbe547b31adb28802a1d6c8c8e33b1e29150a5dac5,11663,6f0948b3ba110d5ae6438bcbe547b31adb28802a1d6c8c8e33b1e29150a5dac5,MATCH
ops/TASK-20260908__third_block_width/EVIDENCE.md,100644,bad85db7e2610cb05036576ec90fb69c46b1e610,13600,6436c7bed5b8f3733ac87eb8ce98d3baa9b15bea3a2a622658eef86f9c5ea7aa,13600,6436c7bed5b8f3733ac87eb8ce98d3baa9b15bea3a2a622658eef86f9c5ea7aa,MATCH
ops/TASK-20260908__third_block_width/TASK_LOG.md,100644,cc48c8cc848dfcc28f5505d0d1cb8073e6fa4fc5,4134,89f46b6e65d47b8a30eea67fe56a9f4b523b0b3596e38ab116c2e0c6314126b5,4134,89f46b6e65d47b8a30eea67fe56a9f4b523b0b3596e38ab116c2e0c6314126b5,MATCH
ops/TASK-20260908__third_block_width/TASK_STATUS.md,100644,c9e42f5b33d3846d57d45d244f6c31272c86d41e,3005,cb950e073deee2d3d0688069081abe56c690da9b42f866e8d1871fff8764598b,3005,cb950e073deee2d3d0688069081abe56c690da9b42f866e8d1871fff8764598b,MATCH
ops/TASK-20260908__third_block_width/check_width.py,100644,445190972e6d35edefeea437873ae359e3f156d1,7300,db3042a2f4cd25517448e59d02799bc38baa060c6a53c3b87ff66589174365bd,7300,db3042a2f4cd25517448e59d02799bc38baa060c6a53c3b87ff66589174365bd,MATCH
ops/TASK-20260909__coupled_terminal_scale/EVIDENCE.md,100644,96cd0fc87a191a718d202e5df0140539f3495c10,10598,f70521c242ae02c0876321422d740b43f461e3d7ffb1c233ba98c339745728ce,10598,f70521c242ae02c0876321422d740b43f461e3d7ffb1c233ba98c339745728ce,MATCH
ops/TASK-20260909__coupled_terminal_scale/TASK_LOG.md,100644,d2fb488a7798ba33844d9d2c97754ba3c8b9795b,4586,5c5edfe077fbef9ac163732dd0fb42171c82f5cfdb116c2be5509b6ea4b0c483,4586,5c5edfe077fbef9ac163732dd0fb42171c82f5cfdb116c2be5509b6ea4b0c483,MATCH
ops/TASK-20260909__coupled_terminal_scale/TASK_STATUS.md,100644,aaa086e6770ef5a7ec2cf3b7eeef34101b4d2742,2412,a82879b2b42a20f6e9ae0808b0e32955267100cc9dc3cd7ba3e649de654622ad,2412,a82879b2b42a20f6e9ae0808b0e32955267100cc9dc3cd7ba3e649de654622ad,MATCH
ops/TASK-20260909__coupled_terminal_scale/check_scale.py,100644,c86baa509603485b5cef38f7fe4af751b43ea3f0,6701,a3e23d4b1b6267a90d5dafb4ebc0cb3cefa38ddcf66df42999980e0916bc1519,6701,a3e23d4b1b6267a90d5dafb4ebc0cb3cefa38ddcf66df42999980e0916bc1519,MATCH
ops/TASK-20260909__macroscopic_terminal_discriminator/EVIDENCE.md,100644,999311ecaab2d91cd8b979f1ffbe0d8716c71121,14816,be5b61700280b25c4f17bd596a42a4aa0a851cfc4d7afd4ccb71280de62b33fa,14816,be5b61700280b25c4f17bd596a42a4aa0a851cfc4d7afd4ccb71280de62b33fa,MATCH
ops/TASK-20260909__macroscopic_terminal_discriminator/TASK_LOG.md,100644,d5a7630b2f6d61a639d4026cebf63b97542d13ac,5358,2684331ac3574348b21cc76f781ceb9daafda028c9743031688bd11b7cd4051a,5358,2684331ac3574348b21cc76f781ceb9daafda028c9743031688bd11b7cd4051a,MATCH
ops/TASK-20260909__macroscopic_terminal_discriminator/TASK_STATUS.md,100644,8ec71a20c81967d5ed77b4d6a841154705a0edcd,3556,130a9c91fd370d10aaac5bc934b0e872c43249c15e3791b4e8028335aae2465f,3556,130a9c91fd370d10aaac5bc934b0e872c43249c15e3791b4e8028335aae2465f,MATCH
ops/TASK-20260909__macroscopic_terminal_discriminator/check_discriminator.py,100644,6f1d8cb4cde270959f49bfd192925efae67256a4,9958,bcceee17dc8c44411baa19b5a07cf26d130f281f154d18b6f458ea311d36ef3e,9958,bcceee17dc8c44411baa19b5a07cf26d130f281f154d18b6f458ea311d36ef3e,MATCH
ops/TASK-20260910__common_chain_global_corollary/EVIDENCE.md,100644,7ee466e1bdec705ba488a0ece983ff095000b46a,9602,88a2b4de89f980c32bd7f569903e39641fb244695455cac09b8ca628c784ea3e,9602,88a2b4de89f980c32bd7f569903e39641fb244695455cac09b8ca628c784ea3e,MATCH
ops/TASK-20260910__common_chain_global_corollary/TASK_LOG.md,100644,2842d9c7a8ecbee1d921c4e506b43e6d67b977be,3044,9e020622c0dec18e0b1a788a86e13dd56fa43eaa11bdc2d9f1e1a702ef3396fd,3044,9e020622c0dec18e0b1a788a86e13dd56fa43eaa11bdc2d9f1e1a702ef3396fd,MATCH
ops/TASK-20260910__common_chain_global_corollary/TASK_STATUS.md,100644,ce1e4d5de92ef837b2629c087dca638dcac89bf4,2590,afb5da0bba9ab5e6a603af492c92ea0539be23bf42e3f484cd8c6fecbfbce817,2590,afb5da0bba9ab5e6a603af492c92ea0539be23bf42e3f484cd8c6fecbfbce817,MATCH
ops/TASK-20260910__common_chain_stability/EVIDENCE.md,100644,5fb7b505285cb53ca8d814a1b5d4452e14a896f7,8240,a9cf7ed990e0cf81478dd3640dad54931cd79f643d386887252f2dcd04ace890,8240,a9cf7ed990e0cf81478dd3640dad54931cd79f643d386887252f2dcd04ace890,MATCH
ops/TASK-20260910__common_chain_stability/TASK_LOG.md,100644,8244ba240b20a4f0bbdcd1aaf92f46fb257ab4f2,3518,09c1dc20737a3b9dd6f33571b7bec2ac333307f13fb79d4e30c33e5a8a102a06,3518,09c1dc20737a3b9dd6f33571b7bec2ac333307f13fb79d4e30c33e5a8a102a06,MATCH
ops/TASK-20260910__common_chain_stability/TASK_STATUS.md,100644,7ee55996977087cd8994343981a999bdd6c713f6,2389,2065cb92975aa860bfd39bfc24d540578449a84a562977c5cb673372522b8bd3,2389,2065cb92975aa860bfd39bfc24d540578449a84a562977c5cb673372522b8bd3,MATCH
ops/TASK-20260910__common_chain_stability/check_stability.py,100644,f5afc220e74c790eb529fd0bc94ec1cec4c98000,9546,8703586917fa948ab36a723a9df3c6ea3593d3c0467cced30c00c2b10ee364b6,9546,8703586917fa948ab36a723a9df3c6ea3593d3c0467cced30c00c2b10ee364b6,MATCH
ops/TASK-20260910__deletion_exponent_sharpness/EVIDENCE.md,100644,26269f264ecd476d0ce3b7e9aa49039335550688,9425,40f499556cfee8e16c6d48b4e4b1e3c50df363c0cbd3e4a10147442ffb2ac54b,9425,40f499556cfee8e16c6d48b4e4b1e3c50df363c0cbd3e4a10147442ffb2ac54b,MATCH
ops/TASK-20260910__deletion_exponent_sharpness/TASK_LOG.md,100644,5077cb8962f030c56b623d0b836a705aa3f27c19,4124,11268394cc39e961093cbd0982ce4622766ab6dd92891484551bb8996b354acc,4124,11268394cc39e961093cbd0982ce4622766ab6dd92891484551bb8996b354acc,MATCH
ops/TASK-20260910__deletion_exponent_sharpness/TASK_STATUS.md,100644,a97acfefc0521836245c38498f1dbd789f7b1310,2282,6d43e314d4d3a355ba08aeb03ebb5f594d2dab8c8e67d4e885d3b1956475cd98,2282,6d43e314d4d3a355ba08aeb03ebb5f594d2dab8c8e67d4e885d3b1956475cd98,MATCH
ops/TASK-20260910__deletion_exponent_sharpness/check_sharpness.py,100644,9956a9f654338fac45344d38b1d08d5033c3204f,11135,4b666c712c2b36cb3fb16c0f24453d6843a3f266d516468819f61ba64342042f,11135,4b666c712c2b36cb3fb16c0f24453d6843a3f266d516468819f61ba64342042f,MATCH
ops/TASK-20260910__knowledge_hygiene/EVIDENCE.md,100644,affef7b05a2ad2a901a2725290840df61d198598,14572,d80bbe4da08557a2df438d681f1e9d4de22cd308d9354bc60594be3af141d6a4,14572,d80bbe4da08557a2df438d681f1e9d4de22cd308d9354bc60594be3af141d6a4,MATCH
ops/TASK-20260910__knowledge_hygiene/TASK_LOG.md,100644,2cd6bf55bcd34d505e656581dff16aa035942665,4163,f1e619959c7fff524e9514baf32fbc8a32f8be3caca7c5cd4e0c1e52c372b39c,4163,f1e619959c7fff524e9514baf32fbc8a32f8be3caca7c5cd4e0c1e52c372b39c,MATCH
ops/TASK-20260910__knowledge_hygiene/TASK_STATUS.md,100644,3ea7f0cf75a9583b7b67f79566ddd53427d6b6e8,3591,8f3bff588582bbeac641290b9e5e78bf8ebebe2f511251aeb12086d7b5fc143b,3591,8f3bff588582bbeac641290b9e5e78bf8ebebe2f511251aeb12086d7b5fc143b,MATCH
ops/TASK-20260910__knowledge_hygiene/check_hygiene.py,100644,46908896e08ee5813c5f019eb91f42b886380957,7968,fddac95c4de56b07651b77fa5d8da2214ad41a2ae3e86f8bbb5f12dddb413294,7968,fddac95c4de56b07651b77fa5d8da2214ad41a2ae3e86f8bbb5f12dddb413294,MATCH
ops/TASK-20260910__refined_two_level_minimax/EVIDENCE.md,100644,1f29152a677c85b61c980d8c320d5f9ca90ac072,10930,95a703c8de52d9beb81ee6e8aa7f34ddfc4d148ae2541c15298d5b833289e530,10930,95a703c8de52d9beb81ee6e8aa7f34ddfc4d148ae2541c15298d5b833289e530,MATCH
ops/TASK-20260910__refined_two_level_minimax/TASK_LOG.md,100644,d7f69a590c64204ae4940e6894a296456012b9de,3341,4f14beb292371e6583c82a1128fffc1ff431c509e0002221ae97b880fb8e6cd7,3341,4f14beb292371e6583c82a1128fffc1ff431c509e0002221ae97b880fb8e6cd7,MATCH
ops/TASK-20260910__refined_two_level_minimax/TASK_STATUS.md,100644,ae4247d4accc3a32dcf80b74970cefc0f36244d0,3069,120621dc3c69bb6ca1dccaf589eee67296c992f7b9613e6480e73d852e4a1e2a,3069,120621dc3c69bb6ca1dccaf589eee67296c992f7b9613e6480e73d852e4a1e2a,MATCH
ops/TASK-20260910__refined_two_level_minimax/check_refined_minimax.py,100644,3bf4c26dec639180b657ac054f0ab9154d7c7e37,9847,3875cebfbdbde47ff302eb60ef0a411c29655af34ef58929c3bd3ec936b3d2a9,9847,3875cebfbdbde47ff302eb60ef0a411c29655af34ef58929c3bd3ec936b3d2a9,MATCH
ops/TASK-20260910__two_level_minimax_bound/EVIDENCE.md,100644,33a91f8f9c452385b4ddadb5d73d738484826fe0,10540,31ce47a0882ca8b96610a87af9724d1d417be09e94d93ee657f46a884a28bd5b,10540,31ce47a0882ca8b96610a87af9724d1d417be09e94d93ee657f46a884a28bd5b,MATCH
ops/TASK-20260910__two_level_minimax_bound/TASK_LOG.md,100644,059af4f522ce5e7bdb758a6c422f4dbb44d1d5c9,3426,3192f1b397bb35b001aa5717aea1ec22a8736d2606a7aabaef26d62a2a0a3657,3426,3192f1b397bb35b001aa5717aea1ec22a8736d2606a7aabaef26d62a2a0a3657,MATCH
ops/TASK-20260910__two_level_minimax_bound/TASK_STATUS.md,100644,a17f849f87d5d6c92d94b4b46a1043be4c32c3f7,2632,090940742f559ace4a8ff57c8686db86dbb24cb398aba3c8c2c6b31a5f25bedf,2632,090940742f559ace4a8ff57c8686db86dbb24cb398aba3c8c2c6b31a5f25bedf,MATCH
ops/TASK-20260910__two_level_minimax_bound/check_minimax.py,100644,cfa7cea20be2cbd3643f38ec14fbbb8003e272cb,6769,c9912c7a2120f83cb20f4f46e8614fce302d0b384c4bc800a5fad0c78db4a44f,6769,c9912c7a2120f83cb20f4f46e8614fce302d0b384c4bc800a5fad0c78db4a44f,MATCH
ops/TASK-20260911__arxiv_submission_audit/BIBLIOGRAPHY_ARXIV_AUDIT.md,100644,157af075cfd9e906d09ae5a8f54aec7bde7efc26,20402,eab0858629132c306aa7357ed47e208b975dc9d3ab6ec8f89d1d602545ac21ef,20402,eab0858629132c306aa7357ed47e208b975dc9d3ab6ec8f89d1d602545ac21ef,MATCH
ops/TASK-20260911__arxiv_submission_audit/BUNDLE_CHECK.json,100644,27bd8463525ea2871754d7e5e183fb990279dc6c,17215,6669c451575d80b2a1e305d3122665e6b52a3b4013122ea4f30e6f2b0169f3e6,17215,6669c451575d80b2a1e305d3122665e6b52a3b4013122ea4f30e6f2b0169f3e6,MATCH
ops/TASK-20260911__arxiv_submission_audit/ENDPOINT_FINITE_AUDIT.md,100644,a8471c66e319a307d67df53fe10075d78b952ee9,34494,ed9eb3a5205d3825be51d47df78fd9a0d834f36d0aaa23791211964ead350bc1,34494,ed9eb3a5205d3825be51d47df78fd9a0d834f36d0aaa23791211964ead350bc1,MATCH
ops/TASK-20260911__arxiv_submission_audit/EVIDENCE.md,100644,c72e9d0057f493b228632ae55207de066086255e,13914,cde87b784ee9c8e2e029aab76943d58fe6840d02732a854764e264674152866e,13914,cde87b784ee9c8e2e029aab76943d58fe6840d02732a854764e264674152866e,MATCH
ops/TASK-20260911__arxiv_submission_audit/PAGE_COMPARISON.json,100644,57f55e16922b1a7503940f529bc8f744209a1fda,1501,d43b81ea19ded2674e87bf980f62720c594c342214d880175340a559798d9ad5,1501,d43b81ea19ded2674e87bf980f62720c594c342214d880175340a559798d9ad5,MATCH
ops/TASK-20260911__arxiv_submission_audit/SCIENTIFIC_AUDIT.md,100644,80f5781e076968698cbed6aa2ac9cbb7f91ec0fd,28189,01f965cc524d196257666aa2453ec0d43f28812c4c27bcc4185f8189d5129d3e,28189,01f965cc524d196257666aa2453ec0d43f28812c4c27bcc4185f8189d5129d3e,MATCH
ops/TASK-20260911__arxiv_submission_audit/TASK_LOG.md,100644,46e71a4cd641879658b42f236d4a55ff7c00e66f,4608,fc7c1193730b834cde7eb15c0d966dc2a0e06946c828cce999ca928470224c65,4608,fc7c1193730b834cde7eb15c0d966dc2a0e06946c828cce999ca928470224c65,MATCH
ops/TASK-20260911__arxiv_submission_audit/TASK_STATUS.md,100644,75fd6d86e46f052fff779b3484ea68f601f4c6ea,3426,0d119606163ef7111dc6610616ccdb5f76d2483b916bdb8b997ae668d77d17e2,3426,0d119606163ef7111dc6610616ccdb5f76d2483b916bdb8b997ae668d77d17e2,MATCH
ops/TASK-20260911__arxiv_submission_audit/check_bundle.py,100644,c96078b8a2e552dd9d81bd32e3428f2944dab608,7743,e9a0c101f0576720fb853e297f9b759740de4d34ac6ed755343f78471ca6f3aa,7743,e9a0c101f0576720fb853e297f9b759740de4d34ac6ed755343f78471ca6f3aa,MATCH
ops/TASK-20260911__arxiv_submission_audit/clean_compile.ps1,100644,955c23fe20c0e3d4dd805b066c2705ddc742bea0,2954,231b18e7049f81535fd21f87fe9baed7cb448ac187d7da6cfe2fd88eff2addaf,2954,231b18e7049f81535fd21f87fe9baed7cb448ac187d7da6cfe2fd88eff2addaf,MATCH
ops/TASK-20260911__finite_shared_crossing/EVIDENCE.md,100644,ddee14afd277b2050dce1431aeb83768d5e7fda0,10281,dcea9dec5f74c5badac14a2b707687a14eaf06cf9b6ecb9e01bd018807504b01,10281,dcea9dec5f74c5badac14a2b707687a14eaf06cf9b6ecb9e01bd018807504b01,MATCH
ops/TASK-20260911__finite_shared_crossing/TASK_LOG.md,100644,0af6b27764506f3ac1e6499e0e50bfa4481cc693,3963,5df5d5ba495ee91acb1e2c6bcb77ad9bff3c4ae23de08578d1b20b7427f545f5,3963,5df5d5ba495ee91acb1e2c6bcb77ad9bff3c4ae23de08578d1b20b7427f545f5,MATCH
ops/TASK-20260911__finite_shared_crossing/TASK_STATUS.md,100644,be200805432f5abcdcba3fa746670e3e17207b32,3113,e9bbb1c1b69a4bdaa193aa25865e1d3ad95141f62a3659bb0222ec63e33716ac,3113,e9bbb1c1b69a4bdaa193aa25865e1d3ad95141f62a3659bb0222ec63e33716ac,MATCH
ops/TASK-20260911__finite_shared_crossing/check_finite_crossing.py,100644,d43bef03598f2e3f9d35899f7af9337fa691ce3e,12819,3c12de7d153a653ba9794d1a6f054abe842497c01ec68659eafe1d381e3376d3,12819,3c12de7d153a653ba9794d1a6f054abe842497c01ec68659eafe1d381e3376d3,MATCH
ops/TASK-20260911__four_level_rational_witness/EVIDENCE.md,100644,f6ae1dccdf78a2044343fb7389dc3fbadc5e731f,8271,ff942073ab92f99e7b150da5453930cc479aac85a133ff0029afe4b7305cdfd7,8271,ff942073ab92f99e7b150da5453930cc479aac85a133ff0029afe4b7305cdfd7,MATCH
ops/TASK-20260911__four_level_rational_witness/TASK_LOG.md,100644,78999c1f0da8a2a14ad848b91011a0e9f8335597,4692,f1fd59bd624735f23bab768c6c22369a18d589abe85e7f0723cded812bc9f0b4,4692,f1fd59bd624735f23bab768c6c22369a18d589abe85e7f0723cded812bc9f0b4,MATCH
ops/TASK-20260911__four_level_rational_witness/TASK_STATUS.md,100644,a72a1fc44221284d27f491b9b9d8f34dd4675654,3062,2d404adba52ce4e08dcef0e53f0dd9037d4158355b3839047d880f29193ee32b,3062,2d404adba52ce4e08dcef0e53f0dd9037d4158355b3839047d880f29193ee32b,MATCH
ops/TASK-20260911__four_level_rational_witness/check_four_level.py,100644,903dac16079e3adf8e857d373cf077ee9c1effc1,6949,489e6b08414547e9dec0dc0cd10680b7927a0542977e17f4f4240bc882b8daa0,6949,489e6b08414547e9dec0dc0cd10680b7927a0542977e17f4f4240bc882b8daa0,MATCH
ops/TASK-20260911__four_level_width_optimum/EVIDENCE.md,100644,5db5e823f75612f2aaaf9d889cf4a0964dff4ba1,11076,9fd8345844431bbcb6dfbecb0aa433148d96d0fd17a412ccd6bda0fa9b4d05ea,11076,9fd8345844431bbcb6dfbecb0aa433148d96d0fd17a412ccd6bda0fa9b4d05ea,MATCH
ops/TASK-20260911__four_level_width_optimum/TASK_LOG.md,100644,24a714105f085ded80ed77e144d0422e63280025,3925,78503ea07b598bb2a052c939a75adf0240c18a7ae23912e92adf49fdb3acf11f,3925,78503ea07b598bb2a052c939a75adf0240c18a7ae23912e92adf49fdb3acf11f,MATCH
ops/TASK-20260911__four_level_width_optimum/TASK_STATUS.md,100644,013dbfde516616f4a2b107d6b10932e8848c7813,3039,d767048eb2e7d859398f9e4446b708a6f902cd2a115a3033b007487d27e0a684,3039,d767048eb2e7d859398f9e4446b708a6f902cd2a115a3033b007487d27e0a684,MATCH
ops/TASK-20260911__four_level_width_optimum/check_width_optimum.py,100644,8a91fbf8e88f818caf4b4c538fe929ba910d6fc2,11463,048261ae2e552cf99311eee4202ea407c3cae1ff1a500774a0d64fb5d351e16f,11463,048261ae2e552cf99311eee4202ea407c3cae1ff1a500774a0d64fb5d351e16f,MATCH
ops/TASK-20260911__fourth_adjacent_block/EVIDENCE.md,100644,ce00ee10b9d7748aa82be042d715a6dd2663d272,11021,76971ecc04e3738f45669c74c1d74522aaff9d5721baec867ffde8deb3ae710b,11021,76971ecc04e3738f45669c74c1d74522aaff9d5721baec867ffde8deb3ae710b,MATCH
ops/TASK-20260911__fourth_adjacent_block/TASK_LOG.md,100644,b2fe05993500b7442172e9fc80d41c268671df71,3953,262741e86b52acfb5d0fc912c899e9cad2d8a344ad57dfd84e2d1e33619051c2,3953,262741e86b52acfb5d0fc912c899e9cad2d8a344ad57dfd84e2d1e33619051c2,MATCH
ops/TASK-20260911__fourth_adjacent_block/TASK_STATUS.md,100644,4c28b3d32f2ce1dddad8419706f30724cd97581b,2856,94047afbcb759a3de4f576ceb3757487bf3676df53bff009e72cf7eee2a2baea,2856,94047afbcb759a3de4f576ceb3757487bf3676df53bff009e72cf7eee2a2baea,MATCH
ops/TASK-20260911__fourth_adjacent_block/check_fourth_block.py,100644,a2d239aca096b2a557a2c2a69b525440e8c7f89c,7054,9f8abc019145df643f3e4b609fce3de137363ac884ac3e0d57153e979651df4c,7054,9f8abc019145df643f3e4b609fce3de137363ac884ac3e0d57153e979651df4c,MATCH
ops/TASK-20260911__general_block_transfer/EVIDENCE.md,100644,c10cfb92be81c8eba0ec44e78e6c101458110dfc,2635,6de21ea2dd3028aca69780f38b195f6fed5b59674494e26f94678415fccf2dd9,2635,6de21ea2dd3028aca69780f38b195f6fed5b59674494e26f94678415fccf2dd9,MATCH
ops/TASK-20260911__general_block_transfer/INTERNAL_REVIEW.md,100644,e041a7d319556e1b8e82655a04f55a0ccfa416aa,11194,3cb4e5250f2dfc2ce7b48869bb10f6dbed9c96d1b23b721e0bdfb1ff0fbf1fe7,11194,3cb4e5250f2dfc2ce7b48869bb10f6dbed9c96d1b23b721e0bdfb1ff0fbf1fe7,MATCH
ops/TASK-20260911__general_block_transfer/TASK_LOG.md,100644,4d5c889cd05d6745dc0efbcf5d132a645ad2864a,1226,1dd061ed83de22aca275d81e94c2c741b8b0c1bc810ef788f6e1334de392eb33,1226,1dd061ed83de22aca275d81e94c2c741b8b0c1bc810ef788f6e1334de392eb33,MATCH
ops/TASK-20260911__general_block_transfer/TASK_STATUS.md,100644,92b1b550b5a9d2daa6c8a76851101a9473118fcc,1775,efcb08d8b089ce9dacc55b5568a7af9f565ff67fa1fd4ca92e95d7576f1cf117,1775,efcb08d8b089ce9dacc55b5568a7af9f565ff67fa1fd4ca92e95d7576f1cf117,MATCH
ops/TASK-20260911__general_block_transfer/check_general_blocks.py,100644,db7465c1c9fcdc753e7f9dc7592a25eebaff7053,10056,efa342274dd338d7331cfb12a4f3f4cf4c8f7b47ca4742fd409f0e5abb1cdec2,10056,efa342274dd338d7331cfb12a4f3f4cf4c8f7b47ca4742fd409f0e5abb1cdec2,MATCH
ops/TASK-20260911__global_variational_limit/EVIDENCE.md,100644,e11dc743ebe28b8b09774c79577eb8c2b3fb7aee,1976,295f6a98bac3651918ec3da5edf0ed1ed5f43ba8eac4ecd48abc29bf1ca181d7,1976,295f6a98bac3651918ec3da5edf0ed1ed5f43ba8eac4ecd48abc29bf1ca181d7,MATCH
ops/TASK-20260911__global_variational_limit/INTERNAL_REVIEW.md,100644,221dc3b0f4f357f173263a8069603bed388ea45d,12219,20205f85565b8b878e9fb8bd27297217ee6278a8b6defbcf728852e6bd9cc32a,12219,20205f85565b8b878e9fb8bd27297217ee6278a8b6defbcf728852e6bd9cc32a,MATCH
ops/TASK-20260911__global_variational_limit/TASK_LOG.md,100644,78762934f9fe7e40c9934e52de2a469e5a6fac42,998,4b6d25ea3bb948c186b5f69ce4b06da9956919f56dce626ccb27ac7040a12aea,998,4b6d25ea3bb948c186b5f69ce4b06da9956919f56dce626ccb27ac7040a12aea,MATCH
ops/TASK-20260911__global_variational_limit/TASK_STATUS.md,100644,8e6d75f1287479f472ec927b7d0dd464b749b080,1333,b5a9d01af608a00527750617b4801104f21e672f1bc1ee3b9d5ad9ab5695c8ce,1333,b5a9d01af608a00527750617b4801104f21e672f1bc1ee3b9d5ad9ab5695c8ce,MATCH
ops/TASK-20260911__global_variational_limit/check_line_recovery.py,100644,5e8409a6b37185bba56df96353b76734d0c3752f,5300,c21d1a8a6dce49366100127a8649bcd66f320317cbad6e9f809b26e20b7d3900,5300,c21d1a8a6dce49366100127a8649bcd66f320317cbad6e9f809b26e20b7d3900,MATCH
ops/TASK-20260911__global_variational_limit/check_word_lp.py,100644,a1fa02c52991427664c233ef5329424a7db8fb72,7007,3e9e7975507ecb776ea5f8309a7e45ea400d9ef197bedff44de73a60126d45b4,7007,3e9e7975507ecb776ea5f8309a7e45ea400d9ef197bedff44de73a60126d45b4,MATCH
ops/TASK-20260911__midpoint_crossing_sharpness/EVIDENCE.md,100644,592b9f1bcbb66d981e364be32f168c99bb2388e0,6907,fd30e9d6a88f70a9ed2177ad52d5398ec26dd035be88ac70dea88fae79d87c3b,6907,fd30e9d6a88f70a9ed2177ad52d5398ec26dd035be88ac70dea88fae79d87c3b,MATCH
ops/TASK-20260911__midpoint_crossing_sharpness/TASK_LOG.md,100644,0ce4facb5ea5cf880293cae993ef54c27b49e07d,3275,cc411572a5d607aea23bc910a058c49f7db28b99f7ad7d80c1919e6f908904a1,3275,cc411572a5d607aea23bc910a058c49f7db28b99f7ad7d80c1919e6f908904a1,MATCH
ops/TASK-20260911__midpoint_crossing_sharpness/TASK_STATUS.md,100644,09006d6def8621db27714bb8477bdc64d1fdc2ec,2753,2a16969b180dcf4ad55577b0e28e84c89c59b652890fc99e7410f73a180c95b4,2753,2a16969b180dcf4ad55577b0e28e84c89c59b652890fc99e7410f73a180c95b4,MATCH
ops/TASK-20260911__midpoint_crossing_sharpness/check_crossing.py,100644,129bb1cb49a5dfeb84940c19bec9a142d469137a,5742,951c51616b3c0cc41592cfb8106192dc66a23c01a27daac6ce6183916724b471,5742,951c51616b3c0cc41592cfb8106192dc66a23c01a27daac6ce6183916724b471,MATCH
ops/TASK-20260911__optimized_midpoint_split/EVIDENCE.md,100644,46039f54a6afd1cf34d2f82d7920ec53775612bd,10758,54d95392a11e0ac7d484788054cddad236aa71294a837795704f9fcc1f563168,10758,54d95392a11e0ac7d484788054cddad236aa71294a837795704f9fcc1f563168,MATCH
ops/TASK-20260911__optimized_midpoint_split/TASK_LOG.md,100644,4a6ac96ed72180ffbd3e24c06f8b166f7ef41720,3169,03e11605c80a45d5b9f99d0eaf036339d58573963cf55b5795e3c3c45e679086,3169,03e11605c80a45d5b9f99d0eaf036339d58573963cf55b5795e3c3c45e679086,MATCH
ops/TASK-20260911__optimized_midpoint_split/TASK_STATUS.md,100644,a056270e3a41bfb54002a5269adf14ef37669c92,3267,882817c420d7c6552a6683e713f0d767771335e555162fdb7b5ea15e602c9f96,3267,882817c420d7c6552a6683e713f0d767771335e555162fdb7b5ea15e602c9f96,MATCH
ops/TASK-20260911__optimized_midpoint_split/check_split.py,100644,73966feda5ed41bf375c97142f1bf688c9aa74c0,8078,3ec5095ebbb1b686f40613b08045f977e8fe783bd73192c2d35dbb9abc8a6bbc,8078,3ec5095ebbb1b686f40613b08045f977e8fe783bd73192c2d35dbb9abc8a6bbc,MATCH
ops/TASK-20260911__portable_frontier_evidence/CLEAN_RUN.txt,100644,744e374f43907a1c74679a04bea31c6bb731499a,5687,4cf5bc420b28de3004caf722438c8785c89eecb0f5df34bf256d1dc860a1030c,5687,4cf5bc420b28de3004caf722438c8785c89eecb0f5df34bf256d1dc860a1030c,MATCH
ops/TASK-20260911__portable_frontier_evidence/CLEAN_SOURCE_MANIFEST.json,100644,e53bbee50bc1b7d8e4096ab87458bd663f89e93c,68676,bfc11267b54031a71f9f82e067e4f58a773b87ab3997ced873d81ac69296d094,68676,bfc11267b54031a71f9f82e067e4f58a773b87ab3997ced873d81ac69296d094,MATCH
ops/TASK-20260911__portable_frontier_evidence/EVIDENCE.md,100644,99950cf0ad98b85b51c9ebc2307379c76fa40f1a,4768,b090a993f62aa72f19f5ef4cf1040b0459ef0b3bcc3d55a771a61563d712a9a2,4768,b090a993f62aa72f19f5ef4cf1040b0459ef0b3bcc3d55a771a61563d712a9a2,MATCH
ops/TASK-20260911__portable_frontier_evidence/INTERNAL_REVIEW.md,100644,5a2c76e465c96d0f9925b632a08971c831dc721c,8020,23aa337b95d7e4f0028438ac40529769809433405bf4c2a94b0dccb59264d5c4,8020,23aa337b95d7e4f0028438ac40529769809433405bf4c2a94b0dccb59264d5c4,MATCH
ops/TASK-20260911__portable_frontier_evidence/TASK_LOG.md,100644,db06bac321c846673b050dbbaa17893628460547,2074,7a9bd80b1c0c795171e9908d442350d7d300a355511ecceefd7138b426626ade,2074,7a9bd80b1c0c795171e9908d442350d7d300a355511ecceefd7138b426626ade,MATCH
ops/TASK-20260911__portable_frontier_evidence/TASK_STATUS.md,100644,2c7546e7d080e7339e35f011ab8bdbdd0417e0a8,1215,874297e614425c8ff54421f252288871889702258556df39e59ddfbeb05a69ad,1215,874297e614425c8ff54421f252288871889702258556df39e59ddfbeb05a69ad,MATCH
ops/TASK-20260911__portable_frontier_evidence/run_clean_export.py,100644,10aea524f86fb4491618063646ba7e8b0a75d31e,3049,cce1f9898c4f5595d8eef84e4f232553b638f8841849134f2292f6db550817e1,3049,cce1f9898c4f5595d8eef84e4f232553b638f8841849134f2292f6db550817e1,MATCH
ops/TASK-20260911__publication_architecture/CORRECTION_AUDIT.md,100644,1ad6807d7e37345f44b5dc2fc9713461b55b9fca,23222,def4434afd22ac1d57d7d0984748273dc49ecba7e7b734b4294a5b0b816a72ee,23222,def4434afd22ac1d57d7d0984748273dc49ecba7e7b734b4294a5b0b816a72ee,MATCH
ops/TASK-20260911__publication_architecture/CORRECTION_PACKAGE_CHECK.json,100644,a26f3539b37148f579fef2254d28f417fcfbaf46,21000,fb0ef3d1aa4a41644bb806102d86a68e216331f3114042d5ac3c61da17aff86c,21000,fb0ef3d1aa4a41644bb806102d86a68e216331f3114042d5ac3c61da17aff86c,MATCH
ops/TASK-20260911__publication_architecture/EVIDENCE.md,100644,a34721d90dc5356dc40d66c750c079dfd308c838,15221,bb7907e849f50375207db81296d6329a3459d6148a0908169dd520ca77b4d5b4,15221,bb7907e849f50375207db81296d6329a3459d6148a0908169dd520ca77b4d5b4,MATCH
ops/TASK-20260911__publication_architecture/POLICY_AND_OVERLAP.md,100644,06ea8a9f74d7f7f6a9c8fd08c3ce6ed00bf2bf77,32116,84d79715d4ab28ae2faca310e6a3f18f5b48d7b62da11f8b4d9f2ca346153b7b,32116,84d79715d4ab28ae2faca310e6a3f18f5b48d7b62da11f8b4d9f2ca346153b7b,MATCH
ops/TASK-20260911__publication_architecture/SEQUEL_CLAIM_MAP.md,100644,a1b2677b3c0b717f78cc9dc2206458b84e516ea7,21449,83c50ceffda2f83bf9e48ffdc98fa6ae4238f6476e08721971bd7fda4a63202d,21449,83c50ceffda2f83bf9e48ffdc98fa6ae4238f6476e08721971bd7fda4a63202d,MATCH
ops/TASK-20260911__publication_architecture/SEQUEL_PACKAGE_CHECK.json,100644,e0a99b8e5581801739003c763bbea0039ce1d3e9,17077,80e1f2f8a1892f3e0caf66cf68395e4fe6fdd6c495b833068786e35fbab4a82c,17077,80e1f2f8a1892f3e0caf66cf68395e4fe6fdd6c495b833068786e35fbab4a82c,MATCH
ops/TASK-20260911__publication_architecture/TASK_LOG.md,100644,8200356cadc0d87a604c831ac12b99fff9211757,4717,1904953092d13ff2dc3363d82ce01bf773ccb159feb58a62489b15b4b2ecc5c4,4717,1904953092d13ff2dc3363d82ce01bf773ccb159feb58a62489b15b4b2ecc5c4,MATCH
ops/TASK-20260911__publication_architecture/TASK_STATUS.md,100644,85afccea3be7184035fb0eff43fbda901cadfc32,2773,2577ed9818f06074df02cb3c298652783972a325d7ed2543c52512ab9f997b33,2773,2577ed9818f06074df02cb3c298652783972a325d7ed2543c52512ab9f997b33,MATCH
ops/TASK-20260911__publication_architecture/check_publications.py,100644,128739bbfe530ab24251420e0c270a4bba43b08e,8226,119a4fef3e2d9caa6520bb38acc48981d681f7a361d399d5a977be7e614c839c,8226,119a4fef3e2d9caa6520bb38acc48981d681f7a361d399d5a977be7e614c839c,MATCH
ops/TASK-20260911__publication_architecture/clean_compile.ps1,100644,2a52a2eb82d2deca24d8f7fbf5ca0c9ed6880f35,2722,909872b4ad314601fb877d3fa41e916c5f3a50249ee72ac24d952d0221079e3f,2722,909872b4ad314601fb877d3fa41e916c5f3a50249ee72ac24d952d0221079e3f,MATCH
ops/TASK-20260911__shared_crossing_method_ceiling/EVIDENCE.md,100644,a2a83e834adc2cf41603292594faa90e578d9ee9,7177,05f5c202bdb4503a876199174867feb17109c009719b794c20bc6c1517901e78,7177,05f5c202bdb4503a876199174867feb17109c009719b794c20bc6c1517901e78,MATCH
ops/TASK-20260911__shared_crossing_method_ceiling/TASK_LOG.md,100644,0e6495ac9f0fc3d6c9a85722a48aaab0f8bace7a,3231,4a8448a4147f0e89d3189383fa399b7c827f8d65fb87f7f3336eb1a9e7651622,3231,4a8448a4147f0e89d3189383fa399b7c827f8d65fb87f7f3336eb1a9e7651622,MATCH
ops/TASK-20260911__shared_crossing_method_ceiling/TASK_STATUS.md,100644,05e5697c8111fbc4b03aa1e85c2d0d86d70f74ce,3152,3e70489b2539c957c53de932cdf31c9822ddac6b86c11a07651e8130e8ba1bbe,3152,3e70489b2539c957c53de932cdf31c9822ddac6b86c11a07651e8130e8ba1bbe,MATCH
ops/TASK-20260911__shared_crossing_method_ceiling/check_method_ceiling.py,100644,430b3b7485c1c897f238e9169d83587fcd1beb6c,5025,5eef1ffc144df7d5979fb166e1660bcb1f3b762e5fd6fe768c2d2956574409e1,5025,5eef1ffc144df7d5979fb166e1660bcb1f3b762e5fd6fe768c2d2956574409e1,MATCH
ops/TASK-20260911__signed_discrepancy_family/EVIDENCE.md,100644,b50c16559208ed4408ada959d96ac2584adb1f87,8751,0ac091102bed4203887d2ee275467f4b99f747dae4d6d1f9f800ca7cd5f01c18,8751,0ac091102bed4203887d2ee275467f4b99f747dae4d6d1f9f800ca7cd5f01c18,MATCH
ops/TASK-20260911__signed_discrepancy_family/TASK_LOG.md,100644,54abec79dca2a1c8a35ad1270feaf865def10328,3566,8730170eb9f91d4c0742cb3c4f38dc0b7f771e0a277eed941c9a50217bf78f83,3566,8730170eb9f91d4c0742cb3c4f38dc0b7f771e0a277eed941c9a50217bf78f83,MATCH
ops/TASK-20260911__signed_discrepancy_family/TASK_STATUS.md,100644,8864db9df017e503b00fd1149c4cbd54f9132275,3179,fc60d73a4369f2709ddfbea2acd04b44dba8d1fe60456b80a09370cc509f3eaf,3179,fc60d73a4369f2709ddfbea2acd04b44dba8d1fe60456b80a09370cc509f3eaf,MATCH
ops/TASK-20260911__signed_discrepancy_family/check_signed_discrepancy.py,100644,c341e8dd941f84e40c792323598f8d77b2a7fa0c,8962,e205acffdf2e3d1c3566322c7fb38aae7aa83b417be35765ebed78c20cc9164c,8962,e205acffdf2e3d1c3566322c7fb38aae7aa83b417be35765ebed78c20cc9164c,MATCH
ops/TASK-20260911__third_block_250_transfer/EVIDENCE.md,100644,9454a9c755e983218ed5de3a5896e9b9a2fabbd8,9455,a679638de8759e9609db430add39282da16d01f66d4401e588c5963f43164eaf,9455,a679638de8759e9609db430add39282da16d01f66d4401e588c5963f43164eaf,MATCH
ops/TASK-20260911__third_block_250_transfer/TASK_LOG.md,100644,7ab8a4ea4871f47b864d82baa01b2e5455eebe5f,3376,3f77edaabd0e38d892a5492504fca04f3224c543af5afaa37349fc99cf67dbab,3376,3f77edaabd0e38d892a5492504fca04f3224c543af5afaa37349fc99cf67dbab,MATCH
ops/TASK-20260911__third_block_250_transfer/TASK_STATUS.md,100644,e7abdf7020699914b0553042126a79dbb13453ad,2660,2bcda19f8791d4b0e57d37e89c7966a5ab2fc72bf0800443d9ed831d9fad4c10,2660,2bcda19f8791d4b0e57d37e89c7966a5ab2fc72bf0800443d9ed831d9fad4c10,MATCH
ops/TASK-20260911__third_block_250_transfer/check_transfer.py,100644,9eaaf68aff416a1b278be0f14f4bfee69343b8e6,16041,e95b5ff969727544443137f643615683f8abb16752d3842ae2d8daabb75213b1,16041,e95b5ff969727544443137f643615683f8abb16752d3842ae2d8daabb75213b1,MATCH
ops/TASK-20260911__third_block_uniform_transfer/EVIDENCE.md,100644,35930530c88c60d3d27bbe24210879bfa3164854,15806,c6056e92d24034813009232544ca4774f3714b102f926650845132492ee1ccf8,15806,c6056e92d24034813009232544ca4774f3714b102f926650845132492ee1ccf8,MATCH
ops/TASK-20260911__third_block_uniform_transfer/TASK_LOG.md,100644,c3b39618e5fae18ce72e71d7dafa6bfc3deece3b,3800,6d2339c020047da665791107120666a6cae8400284c0555e2b181aa4f4cf1de7,3800,6d2339c020047da665791107120666a6cae8400284c0555e2b181aa4f4cf1de7,MATCH
ops/TASK-20260911__third_block_uniform_transfer/TASK_STATUS.md,100644,40b60068edd6bd7cf2ee6e6efe854fa18ca17113,2507,b122e877ed27ed9ead71bdb06e9f88c124399e8ebbf272d8a5f0e226e76e4728,2507,b122e877ed27ed9ead71bdb06e9f88c124399e8ebbf272d8a5f0e226e76e4728,MATCH
ops/TASK-20260911__three_level_common_chain/EVIDENCE.md,100644,4c8aa062a878ed63c9c35cb0c92271a6a7a18ee1,7651,00993fbca185e5f2cac1dc261c9e100645a6d13c8f14ce6419347df76f1bbf1a,7651,00993fbca185e5f2cac1dc261c9e100645a6d13c8f14ce6419347df76f1bbf1a,MATCH
ops/TASK-20260911__three_level_common_chain/TASK_LOG.md,100644,0baee389ac538a4e64c4b2e4614d604052820763,4206,fe785414dd06084156653ecc21036c246140ab2753db5fe83b466ef9e282f107,4206,fe785414dd06084156653ecc21036c246140ab2753db5fe83b466ef9e282f107,MATCH
ops/TASK-20260911__three_level_common_chain/TASK_STATUS.md,100644,a935284c34dd8b1fce7e7ca248b4a521a0f4ad68,2782,7e99225cb65520816d96d6e0da52b262a5181ecaf4d5f62d8e39e3d5498a32f6,2782,7e99225cb65520816d96d6e0da52b262a5181ecaf4d5f62d8e39e3d5498a32f6,MATCH
ops/TASK-20260911__three_level_common_chain/check_three_level.py,100644,efe5e0be77b11451c250bdf71a819e8b34274618,7959,02492a346690394547e4850d0240611fb9868fd6b2bd252c35f55f7f96c5c26c,7959,02492a346690394547e4850d0240611fb9868fd6b2bd252c35f55f7f96c5c26c,MATCH
ops/TASK-20260911__versioned_publication/EVIDENCE.md,100644,19b0e844d2f36ddaa2886534d478598d1bc61928,5316,b06431371b8303c152ffd925d693ff47852d26969e6bf818209988129f8b8a1a,5316,b06431371b8303c152ffd925d693ff47852d26969e6bf818209988129f8b8a1a,MATCH
ops/TASK-20260911__versioned_publication/TASK_LOG.md,100644,3e21110ae23b44386d1d917028f2f899a88fb0a3,2350,997a649a86900a3c01a1fda6cdc66bc5ef4bad679d98783625ce0a44e89f2921,2350,997a649a86900a3c01a1fda6cdc66bc5ef4bad679d98783625ce0a44e89f2921,MATCH
ops/TASK-20260911__versioned_publication/TASK_STATUS.md,100644,f84627f68d9a5671dc50a87d5203a630d30af3e0,1306,df2e44be712331a729eae8511673ed2d24415f4f2f2b4903242afaeed93f4583,1306,df2e44be712331a729eae8511673ed2d24415f4f2f2b4903242afaeed93f4583,MATCH
ops/TASK-20260912__standalone_submission_candidate/EVIDENCE.md,100644,a2e6bfe522904a38fb0860b0c727febbc0ae2447,11235,d21a6c208fc60b39c8606f5367b060bebe08a270d6ff94b7ec399ff768ab9412,11235,d21a6c208fc60b39c8606f5367b060bebe08a270d6ff94b7ec399ff768ab9412,MATCH
ops/TASK-20260912__standalone_submission_candidate/PACKAGE_CHECK.json,100644,dc6adccf65d3f5428654499d49cf7c124676b304,39603,c6f7a745cbd9714d2fd7171e2aa3506818d83815d1025156ab87f8a8ee7c8f37,39603,c6f7a745cbd9714d2fd7171e2aa3506818d83815d1025156ab87f8a8ee7c8f37,MATCH
ops/TASK-20260912__standalone_submission_candidate/REFERENCE_AUDIT.md,100644,45a87505bc995d85ce29d7007c1c8181a3d418ff,12523,e2eb4f4e127f9e0cdd3daa9c78d8fa912433aaa31f45a242a11de65f07309ce3,12523,e2eb4f4e127f9e0cdd3daa9c78d8fa912433aaa31f45a242a11de65f07309ce3,MATCH
ops/TASK-20260912__standalone_submission_candidate/TASK_LOG.md,100644,0ce697c8d72fec90a6401acc2f93d93438e65603,4787,661d7b7fed13521b0d287bd1eec06ef84d5f5cf23a61199db0a85dc3e02ce872,4787,661d7b7fed13521b0d287bd1eec06ef84d5f5cf23a61199db0a85dc3e02ce872,MATCH
ops/TASK-20260912__standalone_submission_candidate/TASK_STATUS.md,100644,b55616d8dc900c490ad0a7247fef72b12af02ed8,2421,c3b6374e51d6ef38ebd2f93c03b6cba3b7cd0ab6d787542f10f5de5014182235,2421,c3b6374e51d6ef38ebd2f93c03b6cba3b7cd0ab6d787542f10f5de5014182235,MATCH
ops/TASK-20260912__standalone_submission_candidate/check_submission.py,100644,feb1ccbbd06d2cb7a261c7735ed1278c33f798cf,16497,9bea66503c752462ef0d5fc6047cbbb63344f5bc4a9e206e56965fe0d623d356,16497,9bea66503c752462ef0d5fc6047cbbb63344f5bc4a9e206e56965fe0d623d356,MATCH
ops/TASK-20260915__finalize_corrective_v2/EVIDENCE.md,100644,7c0ccabb8a65a41dbd17fab13c3cac2c7b9177d2,9510,03e92f7525f5b5e597403b78f8e1f96d952ca0ccfceaab03ebfb6a8ab33c6867,9510,03e92f7525f5b5e597403b78f8e1f96d952ca0ccfceaab03ebfb6a8ab33c6867,MATCH
ops/TASK-20260915__finalize_corrective_v2/TASK_LOG.md,100644,bebf0e21627d41911272fb0447b298b1f18b5911,9933,5a8bae08ce174222ca1d40ff8e998dd2c5e6a88877e54c921ab3027031273782,9933,5a8bae08ce174222ca1d40ff8e998dd2c5e6a88877e54c921ab3027031273782,MATCH
ops/TASK-20260915__finalize_corrective_v2/TASK_STATUS.md,100644,831ff5d17b8e14b877d36e106ff51bdffad2d599,4222,b4322f73c08901b2e0af0c30d2d31b7a51d6a8fb84c5f02a6b264c83780476a1,4222,b4322f73c08901b2e0af0c30d2d31b7a51d6a8fb84c5f02a6b264c83780476a1,MATCH
ops/TASK-20260916__journal_readiness/CERTIFICATION_UPGRADE_PLAN.md,100644,664e04003f3341d5e7c585920d56c9b5c00c5f28,7741,7df17fabc324996b9de28fc1256e3bec3316224e80ff1aa9a36ba6a3b0773a81,7741,7df17fabc324996b9de28fc1256e3bec3316224e80ff1aa9a36ba6a3b0773a81,MATCH
ops/TASK-20260916__journal_readiness/CHECKPOINT_RECOVERY.md,100644,8150906f1064465d9bd9fbf5bd13e4bc4dd40a46,4154,811573fe88eab3eef335794a2e22f25aa555e80aa9af885eb70af5f667ac1a9d,4154,811573fe88eab3eef335794a2e22f25aa555e80aa9af885eb70af5f667ac1a9d,MATCH
ops/TASK-20260916__journal_readiness/REFEREE_REPORT.md,100644,0852ba5762974f14c6a9e9ec55b18274e7afe9d4,9994,da034c914551adcc8dcd67b50a30be93daa875e59a07ded48966e9cdec31eb84,9994,da034c914551adcc8dcd67b50a30be93daa875e59a07ded48966e9cdec31eb84,MATCH
ops/TASK-20260916__journal_readiness/TASK_STATUS.md,100644,91b447a9c673f4b766aa41466800a432033884ae,3081,994e189d74e27049e73357d7ff3be855748e3735d4a735c076b0b072349c8f76,3081,994e189d74e27049e73357d7ff3be855748e3735d4a735c076b0b072349c8f76,MATCH
ops/TASK-20260916__journal_readiness/VENUE_AND_SUBMISSION_PLAN.md,100644,95ed63df2b0fc2cfb4e58a2604eb588cb7787b81,4811,a8da6031c56a95e61cb02e7cc54b9e438f037b6933f7ca69ccf3fea5ad991c2e,4811,a8da6031c56a95e61cb02e7cc54b9e438f037b6933f7ca69ccf3fea5ad991c2e,MATCH
ops/TASK-20260919__archival_metadata/EVIDENCE.md,100644,9ddd0e858464169f2f8baaf064e1fc7ca9f58146,13093,c39652c80212127f0d7e26f9ac008a689ab06f3c9975b376ce6b53dbad5aa3ea,13093,c39652c80212127f0d7e26f9ac008a689ab06f3c9975b376ce6b53dbad5aa3ea,MATCH
ops/TASK-20260919__archival_metadata/TASK_LOG.md,100644,730e196b7753b3ef7ababd1f60fb213100d472dd,3229,5d6e6f2b3bae8fe2a81e5e4b18df43f0446f646ef9066033b36ec2c8506e17b0,3229,5d6e6f2b3bae8fe2a81e5e4b18df43f0446f646ef9066033b36ec2c8506e17b0,MATCH
ops/TASK-20260919__archival_metadata/TASK_STATUS.md,100644,3102c89766f457aa35be1ae7bc0661d257f352fe,4093,482a75a0dabe67a02cbaebd8d2846f8a8ad06767d51213c97b8621f70cf08ef7,4093,482a75a0dabe67a02cbaebd8d2846f8a8ad06767d51213c97b8621f70cf08ef7,MATCH
ops/TASK-20260919__dcg_presubmission_revision/EVIDENCE.md,100644,bcab14190c3c1e55ce1e20218f7d87a1eb97a082,10573,8c4531a988a295350b50ec0f81b15c5153924c5b5b2ab0cf0a7036ac411f57be,10573,8c4531a988a295350b50ec0f81b15c5153924c5b5b2ab0cf0a7036ac411f57be,MATCH
ops/TASK-20260919__dcg_presubmission_revision/TASK_LOG.md,100644,d6a4d7043d780092326521165f74d989ca799f12,4125,f7d2af56b1dc4d1d920055104489074297471070a7ef6e6d37bcefcdf8220513,4125,f7d2af56b1dc4d1d920055104489074297471070a7ef6e6d37bcefcdf8220513,MATCH
ops/TASK-20260919__dcg_presubmission_revision/TASK_STATUS.md,100644,7299f3d6fcea8ba671105c06eebf9463e583b93e,2562,9e88eabef62699d7e4203c599f547c1c5c9d2d0f49507ae4ae545f277c91e47e,2562,9e88eabef62699d7e4203c599f547c1c5c9d2d0f49507ae4ae545f277c91e47e,MATCH
ops/TASK-20260919__dcg_presubmission_revision/check_manuscript.py,100644,6695f493df1158451be68b52efd6433dcd94a562,9822,7e790e431448e439e3c366e4553a850d1113b0d3a1e731d5084dc2b175d8cfe3,9822,7e790e431448e439e3c366e4553a850d1113b0d3a1e731d5084dc2b175d8cfe3,MATCH
ops/TASK-20260919__dcg_presubmission_revision/global_brackets_verified.json,100644,7c39fcf24be4d2007b6b1445e932b1b71bad144f,30951,a15e7eec36f560ee93c8bbaa63a8951c7ba30e949ff989243413a57c55d30a0c,30951,a15e7eec36f560ee93c8bbaa63a8951c7ba30e949ff989243413a57c55d30a0c,MATCH
ops/TASK-20260919__finite_journal_manuscript/EVIDENCE.md,100644,66008d8446cab1a86e27f4ab962cda54501ad810,10668,795f9a8985cccd3b05ac682dc466a98cdd5bcd7f0c5eeb325e3c9ad1bab9c8a2,10668,795f9a8985cccd3b05ac682dc466a98cdd5bcd7f0c5eeb325e3c9ad1bab9c8a2,MATCH
ops/TASK-20260919__finite_journal_manuscript/TASK_LOG.md,100644,e9158e71963602f69bdfabe0ccf352d0a9c208d6,4240,0d5f08f395d9b3821bb5f9c543506fdc5a0bca15d37d73883a58d006df04e1da,4240,0d5f08f395d9b3821bb5f9c543506fdc5a0bca15d37d73883a58d006df04e1da,MATCH
ops/TASK-20260919__finite_journal_manuscript/TASK_STATUS.md,100644,fb86c13aad5aaa388996673480d04726df16df6e,2968,526ce69cf87a1d279d37efb8578e52de7e8f82b8e53a1c6b442defb5a588c1b1,2968,526ce69cf87a1d279d37efb8578e52de7e8f82b8e53a1c6b442defb5a588c1b1,MATCH
ops/TASK-20260919__finite_journal_manuscript/check_manuscript.py,100644,ae3a6f3c8973655ddf3c1047f21b04e97b3d397c,7288,a5f8bb95bb644ba96a15d1b783be55dae56dd5450566fd1cdacf4144609a9cb2,7288,a5f8bb95bb644ba96a15d1b783be55dae56dd5450566fd1cdacf4144609a9cb2,MATCH
ops/TASK-20260919__finite_journal_manuscript/global_brackets_verified.json,100644,d0661bf658372d72de73df6b05c2cd07bae0a4a3,30950,ce8505d34b9fd79a2607e48ecfafc0df5ecd2f67aeae1b66fdc51c01fa8a3c28,30950,ce8505d34b9fd79a2607e48ecfafc0df5ecd2f67aeae1b66fdc51c01fa8a3c28,MATCH
ops/TASK-20260919__finite_journal_manuscript/inspect_pdf.py,100644,ea7447f9dde8289a7a004b52ab556f840d8f5dff,1326,62dc4013bba995b5407496930964d8a89ba6e1b4698c90f4eae504eadd172051,1326,62dc4013bba995b5407496930964d8a89ba6e1b4698c90f4eae504eadd172051,MATCH
ops/TASK-20260919__finite_journal_manuscript/transpose_seam.py,100644,fdf25a4b5735299fd7e144013bb842d9751971c1,5265,d02024ea7539feec6a3eba7900bf96875a09ab3379393b4c4970943097de4802,5265,d02024ea7539feec6a3eba7900bf96875a09ab3379393b4c4970943097de4802,MATCH
ops/TASK-20260919__global_bracket_verifier/EVIDENCE.md,100644,9fc6e5c8bda858d3f4cb53554cc8f9e5bc94cc1f,8488,679f39d873867cf2d6977ec72ae075fe7a297455b95805134b9e32baad577b65,8488,679f39d873867cf2d6977ec72ae075fe7a297455b95805134b9e32baad577b65,MATCH
ops/TASK-20260919__global_bracket_verifier/FULL_TESTS.txt,100644,9695dc3d860e4570bb25864c30a4cfd6e4450e90,100,47dcfd665a1440b269d1796d321b611e3960149926634469afc6924a38fe788f,100,47dcfd665a1440b269d1796d321b611e3960149926634469afc6924a38fe788f,MATCH
ops/TASK-20260919__global_bracket_verifier/SOURCE_HASHES.json,100644,f8ba2236ba394f796b74de582cf38550a026256c,12889,2ef84920469e96e834facfbd1971eeeb57c57929592baaaddddaab9a2933b4e9,12889,2ef84920469e96e834facfbd1971eeeb57c57929592baaaddddaab9a2933b4e9,MATCH
ops/TASK-20260919__global_bracket_verifier/TARGETED_TESTS.txt,100644,ab348f532f87af206f6c52c3b5cd3a7bc7d58ce8,100,05bd2463015337a6ef89ca420351f5f4ed85c2e6b4f10f20d1426a4dee1d296c,100,05bd2463015337a6ef89ca420351f5f4ed85c2e6b4f10f20d1426a4dee1d296c,MATCH
ops/TASK-20260919__global_bracket_verifier/TASK_LOG.md,100644,e0b710faa4fe8e961219e5a6373e983f49275639,5129,48fb8111b205228fec21f1ed1fd389ab7fc2b1cf440dece687556c288ddc2955,5129,48fb8111b205228fec21f1ed1fd389ab7fc2b1cf440dece687556c288ddc2955,MATCH
ops/TASK-20260919__global_bracket_verifier/TASK_STATUS.md,100644,0076e85abb211aca0c48a90d108e42d0ccf1d194,3167,dd47ef79fe243889fb18613ce8ded963927c3a17144e001271f93d1c14615ec3,3167,dd47ef79fe243889fb18613ce8ded963927c3a17144e001271f93d1c14615ec3,MATCH
ops/TASK-20260919__global_bracket_verifier/VERIFICATION.json,100644,ee11f27e505210b6c25bbca5cb1795322b826b7a,30950,2669d43b2b7d8165b5b4b189bb0406fef262060e5bf113d230ba3a76cb463599,30950,2669d43b2b7d8165b5b4b189bb0406fef262060e5bf113d230ba3a76cb463599,MATCH
ops/TASK-20260919__global_bracket_verifier/VERIFICATION_FINAL.json,100644,7b7604c022c6b8837a1be14addd8d9e91ca05ba7,30951,6f4e6057f9e6163c2c23819132939822e3a089872b894e71c1d606c2c6dd12e5,30951,6f4e6057f9e6163c2c23819132939822e3a089872b894e71c1d606c2c6dd12e5,MATCH
ops/TASK-20260919__global_bracket_verifier/check_preservation.py,100644,22449da91355b47f2e7edeefa9e721c3248c7db4,4009,ec82b0a2e488e409994a154e6cdf6cd28cfa63bb3aa5fe4a61716e2e19554327,4009,ec82b0a2e488e409994a154e6cdf6cd28cfa63bb3aa5fe4a61716e2e19554327,MATCH
ops/TASK-20260919__journal_fixed_order_seam/EVIDENCE.md,100644,9dfaa215914544ff2e67d1938745072986327189,12759,1fa95aeea10d67a12cd5589a657767e81d1c6cf3912207106b21087823998d1c,12759,1fa95aeea10d67a12cd5589a657767e81d1c6cf3912207106b21087823998d1c,MATCH
ops/TASK-20260919__journal_fixed_order_seam/TASK_LOG.md,100644,e814841fea1e6d9259eefd5e58314bfb44666545,5077,5ce47444f1fcd17a1c494018e6eee6ce19d2daddaa38e9db79658ddc015a76dd,5077,5ce47444f1fcd17a1c494018e6eee6ce19d2daddaa38e9db79658ddc015a76dd,MATCH
ops/TASK-20260919__journal_fixed_order_seam/TASK_STATUS.md,100644,da0c7fc4b5b93d8c5bc848ea81b939be819536c1,3032,22809123d7d048f2759e6eb66eef676daa5223e434d167f99a91d30f23ea1dcd,3032,22809123d7d048f2759e6eb66eef676daa5223e434d167f99a91d30f23ea1dcd,MATCH
ops/TASK-20260919__journal_fixed_order_seam/check_exact.py,100644,22cb37969f4606dc7e55b709bb220a9c4c73aa30,11894,07025d86664172402031f96a074e3913cf7ef6c9e6357af26f962f8d4491733f,11894,07025d86664172402031f96a074e3913cf7ef6c9e6357af26f962f8d4491733f,MATCH
ops/TASK-20260919__journal_fixed_order_seam/check_package.py,100644,eb9d2f263fa1041fbe9538a68d25c2552d0e120e,4687,cca9d2ae6d5763719fb0d2231bff8c1e1d34fe2849bec9e30e0a4fe06feef64f,4687,cca9d2ae6d5763719fb0d2231bff8c1e1d34fe2849bec9e30e0a4fe06feef64f,MATCH
ops/TASK-20260919__journal_readiness_reconciliation/EVIDENCE.md,100644,95ebf23261f344f2ef016315226d68a787bff614,13034,74a02868e96b4744c2d746cbde628baf90126bd84dd33011e40bed43e9caefa3,13034,74a02868e96b4744c2d746cbde628baf90126bd84dd33011e40bed43e9caefa3,MATCH
ops/TASK-20260919__journal_readiness_reconciliation/TASK_LOG.md,100644,ef1c72a65cd92aaefe0503a9b2d9e2ecdb882cea,4353,ffc19d3ad61c3452ef1914f05ce3e063eaed46ee45a60ec3e025e0f95b977731,4353,ffc19d3ad61c3452ef1914f05ce3e063eaed46ee45a60ec3e025e0f95b977731,MATCH
ops/TASK-20260919__journal_readiness_reconciliation/TASK_STATUS.md,100644,d77da0a8daea5144115b93c85503de768b2e26bd,3612,4fed3d831425f71bee08920790cadbffa28a373ed22b1a2a7bca507cb1385401,3612,4fed3d831425f71bee08920790cadbffa28a373ed22b1a2a7bca507cb1385401,MATCH
ops/TASK-20260919__merge_global_bracket_verifier/CI_SMOKE.txt,100644,6a9d3754761f83e88f23216f78f74c88cfbdf8e8,498,186cff035e892ed72c651f75ba33a4c5803f39af221ad961b44b76211ee67a0b,498,186cff035e892ed72c651f75ba33a4c5803f39af221ad961b44b76211ee67a0b,MATCH
ops/TASK-20260919__merge_global_bracket_verifier/EVIDENCE.md,100644,ba9b8de0f89d7711ac67db1feaf145a62d3881b2,7762,04cc9473846fdae5c2f462c6b92e9d0229dd257568f3c13f271d756efd2fc17c,7762,04cc9473846fdae5c2f462c6b92e9d0229dd257568f3c13f271d756efd2fc17c,MATCH
ops/TASK-20260919__merge_global_bracket_verifier/FULL_TESTS.txt,100644,d59453e9106839a24befecad8471a212d801d108,100,7103ff7baec1b185ea0807de394ed65466447626997a6820268f8c81d86731ef,100,7103ff7baec1b185ea0807de394ed65466447626997a6820268f8c81d86731ef,MATCH
ops/TASK-20260919__merge_global_bracket_verifier/FULL_VERIFIER.txt,100644,01779a003e1866e27ecec5f7c1426353d8cfdd17,1020,ea047bcdbcaf5afd0fda51ae3af511bed92343f2108cec9ece3f5be1a3fc3257,1020,ea047bcdbcaf5afd0fda51ae3af511bed92343f2108cec9ece3f5be1a3fc3257,MATCH
ops/TASK-20260919__merge_global_bracket_verifier/STRICT_TESTS.txt,100644,c24dc667cf859f923648e30cc1666961f10f2b98,100,63ee6246d1505fef47f691fb1c47da173c3363f5373743fb536146cbc9472203,100,63ee6246d1505fef47f691fb1c47da173c3363f5373743fb536146cbc9472203,MATCH
ops/TASK-20260919__merge_global_bracket_verifier/TASK_LOG.md,100644,164f9438305a6a2abd2431290d7f995c056e1600,3688,2ef00dead101c729a69081a70132942b23ac44f1dcfe9ba9ca92f753b90de572,3688,2ef00dead101c729a69081a70132942b23ac44f1dcfe9ba9ca92f753b90de572,MATCH
ops/TASK-20260919__merge_global_bracket_verifier/TASK_STATUS.md,100644,111da651b99efd45ac2ac6df46385dff7e10f232,2711,129d48d1e48ec3a0f431e593c3884cbabf8120642e401be6a0292ff393638458,2711,129d48d1e48ec3a0f431e593c3884cbabf8120642e401be6a0292ff393638458,MATCH
ops/TASK-20260919__merge_global_bracket_verifier/VERIFICATION.json,100644,cf5321b08d06a9e52be8461cd6d3286c5c3cb250,30951,745ce978cacc24bc4d4bff45f2516bfdd04e202958374b5e1baed5fcbb6112d2,30951,745ce978cacc24bc4d4bff45f2516bfdd04e202958374b5e1baed5fcbb6112d2,MATCH
ops/TASK-20260919__merge_global_bracket_verifier/check_merge.py,100644,b4c6503e315748274c5a36e763b4fd6fbc7e4460,5481,c6bd9fb541fd4774f30acac7b711a872b684f362423134ed20a5c00dfcd51609,5481,c6bd9fb541fd4774f30acac7b711a872b684f362423134ed20a5c00dfcd51609,MATCH
paper_assets/appendix_tables.tex,100644,4aff7e8eb39cc1989af48a95b85a1966afdb4bb7,2129,08f13cea7689981691917953259e2828295a279e87316b0853e13f3d9b1971cc,2129,08f13cea7689981691917953259e2828295a279e87316b0853e13f3d9b1971cc,MATCH
paper_assets/asymptotic_fit.csv,100644,591435f3c89aed56b4428d22f9f907c6aa173c2b,737,c0080fd274d0f432c3af5f1c14f4c407c230ac54bb6711901d01cab1441b41d0,737,c0080fd274d0f432c3af5f1c14f4c407c230ac54bb6711901d01cab1441b41d0,MATCH
paper_assets/asymptotic_sequel/.gitattributes,100644,d17b1938d8527e6c0aa91b85873c3dda012ea1fa,67,3de516ab245cd4ea3da88fafc5a48a6d021f09fc24227925a57348ae7dc668a1,67,3de516ab245cd4ea3da88fafc5a48a6d021f09fc24227925a57348ae7dc668a1,MATCH
paper_assets/asymptotic_sequel/ARXIV_METADATA.json,100644,23a904880fb6be8cfeca617fe142e1069f938581,2383,a71aff3e2e4d8d193b6214a8c5dc93422462e1ec92a721d09eeac40b7cf6d298,2383,a71aff3e2e4d8d193b6214a8c5dc93422462e1ec92a721d09eeac40b7cf6d298,MATCH
paper_assets/asymptotic_sequel/ARXIV_METADATA.md,100644,65925f4a28dbec1daeb3efe3a5cd0a93b6ed6592,2802,fdc66dddd106e3db1736a6f66147f8a44cfb0859fd2d328abd175c5275c6ec7b,2802,fdc66dddd106e3db1736a6f66147f8a44cfb0859fd2d328abd175c5275c6ec7b,MATCH
paper_assets/asymptotic_sequel/BUILD_MANIFEST.json,100644,6d43462ee9f9d9f7b86b6a65840ba1b487c20b29,1413,61c09244f8138458f45c8df2e9e20d5b93cc3eefc8f3084bfca3eaf55850eea3,1413,61c09244f8138458f45c8df2e9e20d5b93cc3eefc8f3084bfca3eaf55850eea3,MATCH
paper_assets/asymptotic_sequel/README.md,100644,540a3a2d3505019126a3575787faec7e856d9252,3574,e671142657496effe57d33b710cfd01eb2d785a8097907e6c08effe96277d37a,3574,e671142657496effe57d33b710cfd01eb2d785a8097907e6c08effe96277d37a,MATCH
paper_assets/asymptotic_sequel/ringmin_asymptotic.pdf,100644,fa3df949aca4c5dba09e6226e4061695eb8ee7e1,325473,1f3bb01a8088b7b345eea710c99653ee4f06fb27cc45c58642333510e2d96454,325473,1f3bb01a8088b7b345eea710c99653ee4f06fb27cc45c58642333510e2d96454,MATCH
paper_assets/asymptotic_sequel/ringmin_asymptotic.tex,100644,9571012315938ae0735ddbaf03e7695b5e9e8c72,26863,5248445a3a1b92c494466fdfe266555023bbc13606f93ffc07ec229538b886e6,26863,5248445a3a1b92c494466fdfe266555023bbc13606f93ffc07ec229538b886e6,MATCH
paper_assets/asymptotic_sequel/source_bundle/ringmin_asymptotic.tex,100644,9571012315938ae0735ddbaf03e7695b5e9e8c72,26863,5248445a3a1b92c494466fdfe266555023bbc13606f93ffc07ec229538b886e6,26863,5248445a3a1b92c494466fdfe266555023bbc13606f93ffc07ec229538b886e6,MATCH
paper_assets/build_publications.py,100644,9f568cd66bfee7c3c1ee778efe9e9a2370817c7c,9303,620ddf8a9c703cc8d9ccdf22756612cc7b535848d221edff0cf8c42ac9902a08,9303,620ddf8a9c703cc8d9ccdf22756612cc7b535848d221edff0cf8c42ac9902a08,MATCH
paper_assets/figures/n14.png,100644,911c46d889e12207bdf5be33f36b98d0fa0a75af,196107,6c5719cb6089437e4f03baeb1b42ff34155dfcbfc41a5de0b3402da87b1cdcea,196107,6c5719cb6089437e4f03baeb1b42ff34155dfcbfc41a5de0b3402da87b1cdcea,MATCH
paper_assets/figures/radii_vs_n.png,100644,3843c2c2e8a51b7e889a06c43522c646469220ba,129898,f4d3b900bbec1c3e0555d9e9f38d97df68d5ea4fda3ba6f314324b6eb085a9eb,129898,f4d3b900bbec1c3e0555d9e9f38d97df68d5ea4fda3ba6f314324b6eb085a9eb,MATCH
paper_assets/free_float_criterion_n14_20.csv,100644,eb28d8a109f5eed4aaccab9c5403ccfc2f0e7b4e,7495,3dbd4cbc026feb8b5b3dab5899e2c4ded62d61ca067e419214ff876cedf21076,7495,3dbd4cbc026feb8b5b3dab5899e2c4ded62d61ca067e419214ff876cedf21076,MATCH
paper_assets/heuristic_confidence_n16_18.csv,100644,0f498706e07947b9bf3302007664b5c90eb7563f,6605,c2f16d1de26157696ad77bed5c72c9d979673f90a021432eabc2d9fc9e10ac29,6605,c2f16d1de26157696ad77bed5c72c9d979673f90a021432eabc2d9fc9e10ac29,MATCH
paper_assets/heuristic_n14_18.csv,100644,e72f868bb7b2b9d1f8735cb0f88c2b63ddfe99db,10759,fb332a5df97eba87d35de837d85fffa8e396575a169ca4e5c4151d5131fd1341,10759,fb332a5df97eba87d35de837d85fffa8e396575a169ca4e5c4151d5131fd1341,MATCH
paper_assets/heuristic_schema.json,100644,b5685b4fcff49bc0d0bfd1a84287dc8e4f3c45b6,1331,0db382610646a9858d59b959faeb6aa1acfcefe0415d78e3c9d528bd017d9ac9,1331,0db382610646a9858d59b959faeb6aa1acfcefe0415d78e3c9d528bd017d9ac9,MATCH
paper_assets/highprec.csv,100644,5027c255f3aff09dd7ad1f4382d55d6a0af72767,1074,5d845428d9bf2c32699048e93b41c52c6a5edd3ad0624b0d0aca1f00c5b3b98e,1074,5d845428d9bf2c32699048e93b41c52c6a5edd3ad0624b0d0aca1f00c5b3b98e,MATCH
paper_assets/journal_dcg/.gitattributes,100644,c7a88a564ce29c21ffc23b630a8757dc61d56d1c,89,6aa3ae93467e0b9d33e7f2c2f53cc572c269c9302250074b39f8ae32ffadbc59,89,6aa3ae93467e0b9d33e7f2c2f53cc572c269c9302250074b39f8ae32ffadbc59,MATCH
paper_assets/journal_dcg/BUILD_MANIFEST.json,100644,d29fd542cba2acaa0d938ff49c2a2638f2dacf26,2643,1032cf4872a87795cad26c3c319263d3ef29177f1c9d4fd602fd1496fa2fb4e4,2643,1032cf4872a87795cad26c3c319263d3ef29177f1c9d4fd602fd1496fa2fb4e4,MATCH
paper_assets/journal_dcg/README.md,100644,226772e6a891d401ba9ecbb69095f1085dc62681,4062,04668561031c4af3493d61fd64a476dcc359a4ea09b9481e0a04f9e0407c38a6,4062,04668561031c4af3493d61fd64a476dcc359a4ea09b9481e0a04f9e0407c38a6,MATCH
paper_assets/journal_dcg/SOURCE_MAP.md,100644,d5a2325eddcda30d1394194eb681b8009b076821,6778,00f164ec6a5d352354cc8adb305f2c278af91f815faef8c4d684310c6d6c11b3,6778,00f164ec6a5d352354cc8adb305f2c278af91f815faef8c4d684310c6d6c11b3,MATCH
paper_assets/journal_dcg/bracket_rows.tex,100644,ab595ad36f727f41426cf39a28c49850e24dc0bf,676,58666265324e0cf9c3ad7cf811107f795893ccf0e43954fec2ce65d32d93a5d1,676,58666265324e0cf9c3ad7cf811107f795893ccf0e43954fec2ce65d32d93a5d1,MATCH
paper_assets/journal_dcg/build.py,100644,e96c579261c3710b2b422857810b5301a31cd242,4282,b8364b5bf42c426d4c68f0715d25e0d0e19aefc85d7ece5afdebe5646c073e08,4282,b8364b5bf42c426d4c68f0715d25e0d0e19aefc85d7ece5afdebe5646c073e08,MATCH
paper_assets/journal_dcg/coverage_rows.tex,100644,e9344bd4fdcb68e9b55d2eafc370d4f1e1be511d,515,4f4bf81b65c68fcd68d337b36ca43c1582f495ca6bf41ad71ccf3b90afceb87a,515,4f4bf81b65c68fcd68d337b36ca43c1582f495ca6bf41ad71ccf3b90afceb87a,MATCH
paper_assets/journal_dcg/export_tables.py,100644,1b47224b0868717e48905bfbf1292f0daaabb06e,1738,773caaee77afc74a6a887e1550647962a7202e3c864959cb1cb1bc1a533d86ba,1738,773caaee77afc74a6a887e1550647962a7202e3c864959cb1cb1bc1a533d86ba,MATCH
paper_assets/journal_dcg/ringmin_dcg.pdf,100644,a11436bec87da0714b72e6dbab10e1e79d79362d,400297,115772f6fdab87f3cd2aa9340060b23347990dbaec7df24eb13442c2977e2fb4,400297,115772f6fdab87f3cd2aa9340060b23347990dbaec7df24eb13442c2977e2fb4,MATCH
paper_assets/journal_dcg/ringmin_dcg.tex,100644,ffeeb77b663a7fa2ddc8d4dbb2586f0d165a0ceb,35631,dd1c4fb2db7282e9365466357a3df31424cca04ce623f46d067e30e3111f6b8e,35631,dd1c4fb2db7282e9365466357a3df31424cca04ce623f46d067e30e3111f6b8e,MATCH
paper_assets/journal_dcg/seam_appendix.tex,100644,8e8bcf3d2fd0a67c1caef74e7491d917c535a904,22190,5d518283d993967489968ced9804d1476a41a49bad1596808862d1cffd66515d,22190,5d518283d993967489968ced9804d1476a41a49bad1596808862d1cffd66515d,MATCH
paper_assets/patterns_table.csv,100644,b381aacbbcf626ed31e9fd02a05212bdae13869f,3915,33afa1df24edbd0a0e2d100d8e59c2ee4255734032ff7cb0d744453c2e387647,3915,33afa1df24edbd0a0e2d100d8e59c2ee4255734032ff7cb0d744453c2e387647,MATCH
paper_assets/pocket_definition_audit_n14.json,100644,e02eb1d2bc6cf83c42c3098f1409c7f11d82f7af,1412,e51ca7c8f8cf9ff2427bb62ec801ec241beae58c7f85427787e958a9df01dddc,1412,e51ca7c8f8cf9ff2427bb62ec801ec241beae58c7f85427787e958a9df01dddc,MATCH
paper_assets/ringmin_arxiv_source.zip,100644,30b9ef0c14bbbcddd121db5faafd970aaa0cc988,314987,dbab937aaf34c8b6199e3784a93dc1f40746ae58a78c1e2f812aa8d07bc46772,314987,dbab937aaf34c8b6199e3784a93dc1f40746ae58a78c1e2f812aa8d07bc46772,MATCH
paper_assets/ringmin_arxiv_source/paper_assets/appendix_tables.tex,100644,4aff7e8eb39cc1989af48a95b85a1966afdb4bb7,2129,08f13cea7689981691917953259e2828295a279e87316b0853e13f3d9b1971cc,2129,08f13cea7689981691917953259e2828295a279e87316b0853e13f3d9b1971cc,MATCH
paper_assets/ringmin_arxiv_source/ringmin_paper.tex,100644,4c1882f6f629ff994457a692066b28bc7aa79d63,28889,fcebba794c14dee0f0968436d3229482d17cbf8182c3acae132f60bfe7dbe9d9,28889,fcebba794c14dee0f0968436d3229482d17cbf8182c3acae132f60bfe7dbe9d9,MATCH
paper_assets/ringmin_paper.pdf,100644,1d88cd01aff5101e349f1dcdf06e867de93395aa,540006,38e7af6331180307d17d199eb78fbc01a1dd8539266e136f6a405a8174e2c8c4,540006,38e7af6331180307d17d199eb78fbc01a1dd8539266e136f6a405a8174e2c8c4,MATCH
paper_assets/ringmin_paper.tex,100644,4c1882f6f629ff994457a692066b28bc7aa79d63,28889,fcebba794c14dee0f0968436d3229482d17cbf8182c3acae132f60bfe7dbe9d9,28889,fcebba794c14dee0f0968436d3229482d17cbf8182c3acae132f60bfe7dbe9d9,MATCH
paper_assets/v1_correction/BUILD_MANIFEST.json,100644,673cde54e7869ba55f24d98cdde0634662f80526,1796,5aadbb551bc51e7a49981efe742886ac007a00e01bdbdc464645fa6ce1950924,1796,5aadbb551bc51e7a49981efe742886ac007a00e01bdbdc464645fa6ce1950924,MATCH
paper_assets/v1_correction/README.md,100644,2abc0199d50e657aa8fd56ba7f920fef018361b7,4131,a896a57f5a36022baaa37125e25c99c15dd9742fb3ae2a46d7a409b2c964d96c,4131,a896a57f5a36022baaa37125e25c99c15dd9742fb3ae2a46d7a409b2c964d96c,MATCH
paper_assets/v1_correction/REVIEW_METADATA.json,100644,75cba244e71d2811bd390fff4bc7837e064b525c,2108,fbfdca5c7295849acffedac5771e48b237238ab0a874134280f2369af8dd0972,2108,fbfdca5c7295849acffedac5771e48b237238ab0a874134280f2369af8dd0972,MATCH
paper_assets/v1_correction/appendix_tables.tex,100644,4aff7e8eb39cc1989af48a95b85a1966afdb4bb7,2129,08f13cea7689981691917953259e2828295a279e87316b0853e13f3d9b1971cc,2129,08f13cea7689981691917953259e2828295a279e87316b0853e13f3d9b1971cc,MATCH
paper_assets/v1_correction/figures/n14.png,100644,911c46d889e12207bdf5be33f36b98d0fa0a75af,196107,6c5719cb6089437e4f03baeb1b42ff34155dfcbfc41a5de0b3402da87b1cdcea,196107,6c5719cb6089437e4f03baeb1b42ff34155dfcbfc41a5de0b3402da87b1cdcea,MATCH
paper_assets/v1_correction/figures/radii_vs_n.png,100644,3843c2c2e8a51b7e889a06c43522c646469220ba,129898,f4d3b900bbec1c3e0555d9e9f38d97df68d5ea4fda3ba6f314324b6eb085a9eb,129898,f4d3b900bbec1c3e0555d9e9f38d97df68d5ea4fda3ba6f314324b6eb085a9eb,MATCH
paper_assets/v1_correction/ringmin_finite_v2.pdf,100644,5e41fc9f05df33029343dcfdb183bc06e661da6a,652664,39ad9b546323cd1754ddf19ce0e0cbbfc7ef553a600dd888062fce67692703d6,652664,39ad9b546323cd1754ddf19ce0e0cbbfc7ef553a600dd888062fce67692703d6,MATCH
paper_assets/v1_correction/ringmin_finite_v2.tex,100644,12774ed468ae335d3545e29ddafefbbe93c4d4d3,34396,3885be864e06b4a9851285df4cefc4dce2a5e791038a7d65db3bddbd7da9034d,34396,3885be864e06b4a9851285df4cefc4dce2a5e791038a7d65db3bddbd7da9034d,MATCH
paper_assets/v1_correction/source_bundle/appendix_tables.tex,100644,4aff7e8eb39cc1989af48a95b85a1966afdb4bb7,2129,08f13cea7689981691917953259e2828295a279e87316b0853e13f3d9b1971cc,2129,08f13cea7689981691917953259e2828295a279e87316b0853e13f3d9b1971cc,MATCH
paper_assets/v1_correction/source_bundle/figures/n14.png,100644,911c46d889e12207bdf5be33f36b98d0fa0a75af,196107,6c5719cb6089437e4f03baeb1b42ff34155dfcbfc41a5de0b3402da87b1cdcea,196107,6c5719cb6089437e4f03baeb1b42ff34155dfcbfc41a5de0b3402da87b1cdcea,MATCH
paper_assets/v1_correction/source_bundle/figures/radii_vs_n.png,100644,3843c2c2e8a51b7e889a06c43522c646469220ba,129898,f4d3b900bbec1c3e0555d9e9f38d97df68d5ea4fda3ba6f314324b6eb085a9eb,129898,f4d3b900bbec1c3e0555d9e9f38d97df68d5ea4fda3ba6f314324b6eb085a9eb,MATCH
paper_assets/v1_correction/source_bundle/ringmin_finite_v2.tex,100644,12774ed468ae335d3545e29ddafefbbe93c4d4d3,34396,3885be864e06b4a9851285df4cefc4dce2a5e791038a7d65db3bddbd7da9034d,34396,3885be864e06b4a9851285df4cefc4dce2a5e791038a7d65db3bddbd7da9034d,MATCH
paper_assets/v2/ARXIV_MANIFEST.json,100644,a84ffa4e9ff3e3509448c2890a0d0da885fe871e,1213,a83be220995dc0fe141c51245034b6d526661f4ea227e9de067d53f15e05eacc,1213,a83be220995dc0fe141c51245034b6d526661f4ea227e9de067d53f15e05eacc,MATCH
paper_assets/v2/ARXIV_METADATA.json,100644,c2cee403ec8c4a375ff3c2e4091dabecff326579,2685,d7bed05cfd32a239cfde927cac3b0dcb9db916c98722f1d2746f7e7379321b97,2685,d7bed05cfd32a239cfde927cac3b0dcb9db916c98722f1d2746f7e7379321b97,MATCH
paper_assets/v2/ARXIV_METADATA.txt,100644,5307bd47b0750a86e59acb0f639efa0ae7130f18,2709,b07c18263148a495833511995f3e44a36cf314c82722752152ee8efaa91d392b,2709,b07c18263148a495833511995f3e44a36cf314c82722752152ee8efaa91d392b,MATCH
paper_assets/v2/ARXIV_SUBMISSION.md,100644,3152d4920865591601d40b999f594686b5a57c56,7759,aa474d0c250f5f756c2d7e8bb2571ef314c80cca6a55bc08d1c495e48e79a5a4,7759,aa474d0c250f5f756c2d7e8bb2571ef314c80cca6a55bc08d1c495e48e79a5a4,MATCH
paper_assets/v2/BUILD_MANIFEST.json,100644,80ebe3ade619a4083a90006491561e7a0adf8170,811,666493329794aed544ee692195b86d1f4855c64193ca65521b416d46fe3ed4d6,811,666493329794aed544ee692195b86d1f4855c64193ca65521b416d46fe3ed4d6,MATCH
paper_assets/v2/README.md,100644,8c579d593e86caf0c41b982e42c08ad166214906,3171,19e152892a730bb016325899802c4c29e8bd2ac52ff88bceab44272ec31e095d,3171,19e152892a730bb016325899802c4c29e8bd2ac52ff88bceab44272ec31e095d,MATCH
paper_assets/v2/arxiv_submission/ringmin_v2.tex,100644,c45c13b5b22ee9262dfffbd40408b04a748d69f6,28286,189232a42ab4e8d2a77d1fd3535f08ab8e0aa9c22cbdcee1427a472f152ee39a,28286,189232a42ab4e8d2a77d1fd3535f08ab8e0aa9c22cbdcee1427a472f152ee39a,MATCH
paper_assets/v2/build.py,100644,f1d3447fbed3d41185d46390384ff3d6b2c8b147,2635,cdf525ee1fd9ac5da88f6030bf94ef361910e19315d834f70f88e19dc023980a,2635,cdf525ee1fd9ac5da88f6030bf94ef361910e19315d834f70f88e19dc023980a,MATCH
paper_assets/v2/ringmin_v2.pdf,100644,78bb2af5eab4dca6e413117ab49cae39a59b1158,333577,c3fc42c1f8796d86938260dc7764277458982306315668d244a94686bc9f3ef9,333577,c3fc42c1f8796d86938260dc7764277458982306315668d244a94686bc9f3ef9,MATCH
paper_assets/v2/ringmin_v2.tex,100644,c45c13b5b22ee9262dfffbd40408b04a748d69f6,28286,189232a42ab4e8d2a77d1fd3535f08ab8e0aa9c22cbdcee1427a472f152ee39a,28286,189232a42ab4e8d2a77d1fd3535f08ab8e0aa9c22cbdcee1427a472f152ee39a,MATCH
pyproject.toml,100644,825843f2dde5f78ae1b96d49ac87f47aab6737f6,525,a79bce922a6f6bfc545f1beeba7086fc30d83c14f19c93011b94c4ddba90c73e,525,a79bce922a6f6bfc545f1beeba7086fc30d83c14f19c93011b94c4ddba90c73e,MATCH
reproducibility/frontier_logs/manifest.json,100644,1c013081e310fc113f4f459e8b02830994ffae8e,4273,10d12bb7835139ebc6a36e1095b6c6b6347f10a86d80c2fe2044e7c81b989542,4273,10d12bb7835139ebc6a36e1095b6c6b6347f10a86d80c2fe2044e7c81b989542,MATCH
reproducibility/frontier_logs/progress_n03_lb3.log.gz,100644,1d58e4aa8a15b4a8c07f4cdd1d139a8ea0749bd7,201,7dc93bd881b23b929df03ef0f1024cec22d1c5540109fec397b5e88aa109de64,201,7dc93bd881b23b929df03ef0f1024cec22d1c5540109fec397b5e88aa109de64,MATCH
reproducibility/frontier_logs/progress_n04_lb3.log.gz,100644,4c0a5ca7a48c449e4110764f471a1d0a310977c2,213,4608d93dd589ebc6b7f60d667c4dc2b82d0fd2d7ac79e180a2dc46dadc5bba75,213,4608d93dd589ebc6b7f60d667c4dc2b82d0fd2d7ac79e180a2dc46dadc5bba75,MATCH
reproducibility/frontier_logs/progress_n05_lb3.log.gz,100644,3283b4b858fc1eabe75586ecb591dfe35951736b,225,933b9b4aeace774968387ef2964a941f192fe4dbc0def3069b7ba83ee34b9169,225,933b9b4aeace774968387ef2964a941f192fe4dbc0def3069b7ba83ee34b9169,MATCH
reproducibility/frontier_logs/progress_n06_lb3.log.gz,100644,28a40082651f07562ef4591ff3918b6170dcf1d4,243,e31da9cebb1ce18ddfaec0ee4e36d0d19979916e2103b96ed939e823c8d48048,243,e31da9cebb1ce18ddfaec0ee4e36d0d19979916e2103b96ed939e823c8d48048,MATCH
reproducibility/frontier_logs/progress_n07_lb3.log.gz,100644,9f71e1aa712ab567846fb0d4ed8397346d3cee81,269,a8c347e101aef0beb269fcbd720631ff3ca2c254afcb020003c197d243a26549,269,a8c347e101aef0beb269fcbd720631ff3ca2c254afcb020003c197d243a26549,MATCH
reproducibility/frontier_logs/progress_n08_lb3.log.gz,100644,9597079a22d9cd26e8536aa7db83da249ac41924,228,88e987ba9d46788a09449a9bf5332e71dadca9f76fd6f23ae2e2e88f64c93cac,228,88e987ba9d46788a09449a9bf5332e71dadca9f76fd6f23ae2e2e88f64c93cac,MATCH
reproducibility/frontier_logs/progress_n09_lb3.log.gz,100644,291153f2d6f9196c2a0f41c4ad60d91c879c693b,246,36f916825f7ca38bad9ff8a6786077caf50a910d35d5549cde392e89e4438828,246,36f916825f7ca38bad9ff8a6786077caf50a910d35d5549cde392e89e4438828,MATCH
reproducibility/frontier_logs/progress_n10_lb3.log.gz,100644,e012946ddf7522b229e8b75b5d53e2f49f39372d,277,92619f46132ef1c32aff3a712926d3006a27faa6a3b15c58177982c4d6f47380,277,92619f46132ef1c32aff3a712926d3006a27faa6a3b15c58177982c4d6f47380,MATCH
reproducibility/frontier_logs/progress_n11_lb3.log.gz,100644,5da8f411e5c4a6e045932cb0676e2030e173d3ec,506,16e33d5c78fa4ef0fe7c96ec86315b3416680623df738b5b9641027e6269d9b7,506,16e33d5c78fa4ef0fe7c96ec86315b3416680623df738b5b9641027e6269d9b7,MATCH
reproducibility/frontier_logs/progress_n12_lb3.log.gz,100644,2714106a022c721bf8ef5dbbbdcf99d636e6a659,3223,8cd97b5b667c4975d9b16e31b403a1b432df5a725a68e4692d86a7fa2ce82105,3223,8cd97b5b667c4975d9b16e31b403a1b432df5a725a68e4692d86a7fa2ce82105,MATCH
reproducibility/frontier_logs/progress_n13_lb3.log.gz,100644,97cdd84349c8a27a69bab677ffba0f831d1ae557,40664,4164e29b4127378b5369d6b7a3a5ad07b6e9ede21a920f12b9f4c812d2514264,40664,4164e29b4127378b5369d6b7a3a5ad07b6e9ede21a920f12b9f4c812d2514264,MATCH
reproducibility/frontier_logs/progress_n14_lb3.log.gz,100644,ddb4b1895424ca67b8f28e0804ea17a2498dd557,659785,09f31f52fc74745eb8c7b19055b5e0e047f7ae5a92d7ae7b746ec904d314afea,659785,09f31f52fc74745eb8c7b19055b5e0e047f7ae5a92d7ae7b746ec904d314afea,MATCH
reproducibility/global_brackets/README.md,100644,16002fd70bd512ee7060aad81a828d87b8afaba1,2268,3df21fec70a6bd07921f93f395cbe2023d1be67781a8e4958f661ed4511fa630,2268,3df21fec70a6bd07921f93f395cbe2023d1be67781a8e4958f661ed4511fa630,MATCH
reproducibility/global_brackets/manifest.json,100644,24fb67933c1c30466a98fcb2d522b5f74f2dab90,2621,8a492067588e31326f4425b0c4cfcc37de899cb87d61c59b9cf13c2486701a8f,2621,8a492067588e31326f4425b0c4cfcc37de899cb87d61c59b9cf13c2486701a8f,MATCH
reproducibility/global_brackets/originals/STRICT_REVIEW_IT.md,100644,e9c81f4f7fa9db7a78da2d3c05632a73717fbab0,24958,9db3615fffbcc474bff5652c62515bc3beb57f1685866a80584a6b41105fe92c,24958,9db3615fffbcc474bff5652c62515bc3beb57f1685866a80584a6b41105fe92c,MATCH
reproducibility/global_brackets/originals/reviewer_adversarial_tests.py,100644,7def5d15e91ef6ce5a86190672a54d0f6dc3aafc,15091,3723750913c4fc34a21ef8b10d6ace5f9433e57783b6ca0f99f78c6ae323bf13,15091,3723750913c4fc34a21ef8b10d6ace5f9433e57783b6ca0f99f78c6ae323bf13,MATCH
reproducibility/global_brackets/originals/reviewer_verify.py,100644,2b70afa4914bc96b57d741c8b8ee4ae7b59f16ea,16707,b88849e23c461c4f738974ea34ee947b2b203d36a9d774731e9d482d44770534,16707,b88849e23c461c4f738974ea34ee947b2b203d36a9d774731e9d482d44770534,MATCH
reproducibility/global_brackets/originals/source/global_interval_replay_20260917T101809Z_3399172f.json,100644,90c3a88781a8294643efc4dc5351774428032804,350201,96bdf9b53977724f1b8c0640425365bf32897fd4415104f17bfd1afbfa52c693,350201,96bdf9b53977724f1b8c0640425365bf32897fd4415104f17bfd1afbfa52c693,MATCH
reproducibility/global_brackets/originals/source/ringmin_global_interval_candidate.json,100644,627ea1904fc1b6f699a408d37ed2b141965ddec1,350175,cfb95a8354c9ea0529f5ece85118712a3e94c36aed1e14a43b6f32c6e98549db,350175,cfb95a8354c9ea0529f5ece85118712a3e94c36aed1e14a43b6f32c6e98549db,MATCH
reproducibility/global_brackets/originals/source/ringmin_global_interval_proof.md,100644,7bbe4eb3d667a83f2a97897bb4966333bca4e101,14410,6761d60394f721e0680dcb12d0287d548a56a67075a289c257e7135dd1c7ced0,14410,6761d60394f721e0680dcb12d0287d548a56a67075a289c257e7135dd1c7ced0,MATCH
reproducibility/global_brackets/originals/source/ringmin_global_interval_replay.py,100644,483affed31cb93d17e02f9e912da437887231b04,27499,e785b43bd2a24cf74d807479b5719e5f1b5e762027e41c4a69af07a655531549,27499,e785b43bd2a24cf74d807479b5719e5f1b5e762027e41c4a69af07a655531549,MATCH
reproducibility/global_brackets/originals/tests/adversarial_run/FALSE_n4_bracket_47_total_witnesses/DELIBERATELY_INVALID_windows.json,100644,57f135997399a94edc0e6dd9814ff6afa8f075cb,349931,321d6939328a258ab0b37a00d1abf68bd61df4ef3106de496a2cd8ef6661b03b,349931,321d6939328a258ab0b37a00d1abf68bd61df4ef3106de496a2cd8ef6661b03b,MATCH
reproducibility/global_brackets/originals/tests/adversarial_run/FALSE_n4_bracket_empty_witness/DELIBERATELY_INVALID_windows.json,100644,a547a0e1979aeda082b2210bd124ea41deb1390b,348263,bbc664909f32338d8407cd3d84e6a07bec03f63317a0db009cdbdbf725261212,348263,bbc664909f32338d8407cd3d84e6a07bec03f63317a0db009cdbdbf725261212,MATCH
reproducibility/global_brackets/originals/tests/adversarial_run/adversarial_results.json,100644,a0a9f589a782dae6a31b7dcdce80def327357197,13291,9ed13b46eb36a9895130a5b03ca8cc5d0308e0800a95b5beb1e7343ccd99e6e7,13291,9ed13b46eb36a9895130a5b03ca8cc5d0308e0800a95b5beb1e7343ccd99e6e7,MATCH
reproducibility/global_brackets/originals/tests/adversarial_run/one_ulp_false_L_angle_rehashed/DELIBERATELY_INVALID_windows.json,100644,8264809eb021762a3cd31601211a9e62059f8843,350201,e0968678f984d3bfc52746629e3a9e7cc188b06eea541f03e61309a0660e6504,350201,e0968678f984d3bfc52746629e3a9e7cc188b06eea541f03e61309a0660e6504,MATCH
reproducibility/global_brackets/originals/tests/reviewer_analytic_counterexample.json,100644,1f3fc3969af932d0474a7a55fd16f8ea82509468,1242,08a2664127a06424fcb6a72279fa186551385d1d6edcd77d913c90e4b886f203,1242,08a2664127a06424fcb6a72279fa186551385d1d6edcd77d913c90e4b886f203,MATCH
reproducibility/global_brackets/originals/tests/reviewer_independent_verification.json,100644,c3bed04fc81783a6df3e182bfb3014d5ae0dd7ef,32507,6889bf8bd3eca59e02c5267dc401aeebe6a455374435f118969037583204294a,32507,6889bf8bd3eca59e02c5267dc401aeebe6a455374435f118969037583204294a,MATCH
requirements.txt,100644,f014561d522abb7eb4c4726e1c6cbd9b8ba9699e,154,f036571fbdc3d20c11ee3d50128ef65d894b707dc5177402232ff3958525f37f,154,f036571fbdc3d20c11ee3d50128ef65d894b707dc5177402232ff3958525f37f,MATCH
research/ALTERNATING_HALVES_FULL_ASYMPTOTICS.md,100644,0614ba99797fb15ad4a6efe731e7dbf01978b5f7,14558,da93a11ddd95c671c863f5879bd03a4725ba697c8360261474afff500899e014,14558,da93a11ddd95c671c863f5879bd03a4725ba697c8360261474afff500899e014,MATCH
research/COMMON_CHAIN_QUANTITATIVE_STABILITY.md,100644,b8dc84ba5d99719a7360f221cfefda79984ae54a,61952,97ef6456c646db0d9c1c2b43fecc041561408d573485b8c61bf23e951fdfe4e0,61952,97ef6456c646db0d9c1c2b43fecc041561408d573485b8c61bf23e951fdfe4e0,MATCH
research/COUPLED_TERMINAL_ONE_LEVEL_ASYMPTOTICS.md,100644,ba531e24c3ec80b89f7aa001ad7993cf4888dbe1,10043,8b0d8156107e0ffcf348892f84dfa5f0f172a0c726aa6d95f290285318492b53,10043,8b0d8156107e0ffcf348892f84dfa5f0f172a0c726aa6d95f290285318492b53,MATCH
research/COUPLED_TERMINAL_SUBSETS.md,100644,e00677b11645b563fba57f81910b256fecfe5d4f,15786,5f4e5a05cef636b900aee99a54a9e5f8bc4512ac36353ed749ee1466c23487fc,15786,5f4e5a05cef636b900aee99a54a9e5f8bc4512ac36353ed749ee1466c23487fc,MATCH
research/EVENTUAL_SUPNICK_SEAM_ONSET.md,100644,abbb1a536e0fabe338b79881fecffa393e5a8db1,20001,0eb5bfd94cd3c4d01c06939cd9a24be5d6df526cc373658d46062bfdcc059a43,20001,0eb5bfd94cd3c4d01c06939cd9a24be5d6df526cc373658d46062bfdcc059a43,MATCH
research/FINITE_INDUCED_SUBSET_DOMINANCE.md,100644,660cd277a9936249bd13c0bb2b93b4e527572525,11586,8d8acdf134d80eaee749d2b5da4f7f52d32672bda2a3f12b35932eb44028004b,11586,8d8acdf134d80eaee749d2b5da4f7f52d32672bda2a3f12b35932eb44028004b,MATCH
research/FIXED_K_SUPNICK_SEAM.md,100644,e51ac8defa94ac124a2043547df7641d07393a8f,14026,24eefee0f028fdf6b41a804aeca7eafcdebf2eca54306af9f98177ad36c23b71,14026,24eefee0f028fdf6b41a804aeca7eafcdebf2eca54306af9f98177ad36c23b71,MATCH
research/GLOBAL_ASYMPTOTIC_VARIATIONAL_LIMIT.md,100644,7a01d3c1491d9127d84026c250a0121e80043909,10716,f4a6e5fddf3cb9cd5f26e1375a03de5a4cf556ec497be8ff0b6573413cb86e4f,10716,f4a6e5fddf3cb9cd5f26e1375a03de5a4cf556ec497be8ff0b6573413cb86e4f,MATCH
research/GLOBAL_BRACKET_CERTIFICATE.md,100644,308045a9ff6c377458cae0a475dadcff70898b7d,11316,02ee467849364b29e0b9c064b6e116825b6c3bb1708c18e9fdb15f9a50953795,11316,02ee467849364b29e0b9c064b6e116825b6c3bb1708c18e9fdb15f9a50953795,MATCH
research/INCREASING_ORDER_FULL_ASYMPTOTICS.md,100644,e139a983bd24d04a2642c984ceb208f57a1a6eb5,9670,c1fe2dac6b6ddab8d3b183a510c7efdeccfbf5cbfcd8a5e3f4bc07d62f141501,9670,c1fe2dac6b6ddab8d3b183a510c7efdeccfbf5cbfcd8a5e3f4bc07d62f141501,MATCH
research/INDUCED_SUBSET_ASYMPTOTIC_LOWER_BOUND.md,100644,91f180acd7eba40b1308da803c1f9ce0c0b45939,14225,42f2fc55d8d7740ab9bf1c14e4f2191339c647db147aecc1ac9907a48d645360,14225,42f2fc55d8d7740ab9bf1c14e4f2191339c647db147aecc1ac9907a48d645360,MATCH
research/JOURNAL_FIXED_ORDER_SEAM_THEOREM.md,100644,1fb8e5584e8468ef9beddc79b4410f3ff589e082,24153,dadcb9584ce58fbd0fbbd693a55f8651e6866f1035e3321e68468f0f38b6a1b7,24153,dadcb9584ce58fbd0fbbd693a55f8651e6866f1035e3321e68468f0f38b6a1b7,MATCH
research/MACROSCOPIC_TERMINAL_DISCRIMINATOR.md,100644,497fab1464b7ac358b0f6c90277d09dd31edbe7d,13436,d759ecba40b3d038b05e69f2a1f7b58251f90303e1c510df6d6945a30c8792d6,13436,d759ecba40b3d038b05e69f2a1f7b58251f90303e1c510df6d6945a30c8792d6,MATCH
research/NEXT_RESEARCH_STEPS.md,100644,26e9a98252298e6ab993691af1ddcaf75a0a836d,6665,0572994e5bbbfe27dcab08216b2edb786f89e44e0f68e9e2c67fedae53febb9b,6665,0572994e5bbbfe27dcab08216b2edb786f89e44e0f68e9e2c67fedae53febb9b,MATCH
research/ONE_GAP_TERMINAL_SUBSET_VARIATION.md,100644,407d54548b0671772995970def17d09f9602d4b5,18006,52242710270a35819d15ef8a45fb905d4ef6d54ec5e8306c8fc15b708aaf744e,18006,52242710270a35819d15ef8a45fb905d4ef6d54ec5e8306c8fc15b708aaf744e,MATCH
research/PERMUTED_ALTERNATING_HALVES.md,100644,b1e7c39d42e5686ee312fb41bbbaf0e5faebe573,13339,c746d16feb0d1ca67fea75d77c1c26b69b74e1d1a56c916086f4715fbf6f86ab,13339,c746d16feb0d1ca67fea75d77c1c26b69b74e1d1a56c916086f4715fbf6f86ab,MATCH
research/PERMUTED_HALVES_ADJACENT_SWAP.md,100644,d8367e50ecf6a26d80fa6288f6fe6b6fdcb31ea0,15969,4f0916670376ecfe563984522464c542eb7e1e82187fe412c2abf5ef5df1f260,15969,4f0916670376ecfe563984522464c542eb7e1e82187fe412c2abf5ef5df1f260,MATCH
research/PERMUTED_HALVES_BOUNDARY_FULL_ROOT.md,100644,8f8a375c9787c94b788e21a64bf697ccbe0ea74d,18467,b30168d6cc0d9f9634194beba34280241a71ea33b791124ccbebcb23461ac53c,18467,b30168d6cc0d9f9634194beba34280241a71ea33b791124ccbebcb23461ac53c,MATCH
research/PERMUTED_HALVES_BOUNDARY_RECOVERY.md,100644,c8b42a8164707fd2c6d0fb1613d4a315295156c0,16298,fde3404e890e277ca279e80829454dec12fe636f61e91046b741452246f13fcb,16298,fde3404e890e277ca279e80829454dec12fe636f61e91046b741452246f13fcb,MATCH
research/PERMUTED_HALVES_FOURTH_ADJACENT_BLOCK.md,100644,91580e7e26b0d5223eded6e92b2c12c18f08b610,13927,9ac8090eb00e85dcc155d875892e121f9459c28eb349109bc10a01a93950cb3b,13927,9ac8090eb00e85dcc155d875892e121f9459c28eb349109bc10a01a93950cb3b,MATCH
research/PERMUTED_HALVES_GENERAL_BLOCK_TRANSFER.md,100644,219215cc3346a7e91e0c6181ca0b496326e872aa,9631,e3cbb7d5e88c9f688237f8c56877843d35525c219cc6ea5f4a05730843dd7134,9631,e3cbb7d5e88c9f688237f8c56877843d35525c219cc6ea5f4a05730843dd7134,MATCH
research/PERMUTED_HALVES_LOCAL_STABILITY.md,100644,94603cb1d0eff6d9578a844ec5af0a27283ed0de,14551,0ee3ac6cde735999388c10f1cbceed5b70b94318dfe245e01c82aa94a8d547d1,14551,0ee3ac6cde735999388c10f1cbceed5b70b94318dfe245e01c82aa94a8d547d1,MATCH
research/PERMUTED_HALVES_MU_REF_RECOVERY.md,100644,9d47e3f3434f2c7805d590f3c363c96357e58ed6,12494,68036e0fdf24a28b48193665c1c9dc95954489117ce75d56fcf7080eb2b9122a,12494,68036e0fdf24a28b48193665c1c9dc95954489117ce75d56fcf7080eb2b9122a,MATCH
research/PERMUTED_HALVES_REFLECTED_PREFIX.md,100644,f51ad5c0dfd2552cf9f27e8043df723edcf6572c,14759,485fefd9238d97799cf0801a395fb1ab077707c3b007e3a4361c2ef0588608b1,14759,485fefd9238d97799cf0801a395fb1ab077707c3b007e3a4361c2ef0588608b1,MATCH
research/PERMUTED_HALVES_REFLECTED_PREFIX_ALPHA.md,100644,ba48edc585f07134f57f32fe2d21f2dea25ef634,15653,27ec250aaf59a6dab3777312bd4b051571064d96cc7e0fe44e2bbc4c00466292,15653,27ec250aaf59a6dab3777312bd4b051571064d96cc7e0fe44e2bbc4c00466292,MATCH
research/PERMUTED_HALVES_REFLECTED_PREFIX_ALPHA_MINIMUM.md,100644,d8bfb7099956a373a281631d1082f874e302b674,19036,ad166ea8ccfdc1a60073e5ff2f005a4299b678416f0f1358ca096a58571c6751,19036,ad166ea8ccfdc1a60073e5ff2f005a4299b678416f0f1358ca096a58571c6751,MATCH
research/PERMUTED_HALVES_REFLECTED_PREFIX_JOINT_MINIMUM.md,100644,4b90a90a32e98297e47dc78358ef2c7ad3936861,18909,20836fdf27dafa381a71cbc442461d99df363837196e78f9066007e34dbf32fa,18909,20836fdf27dafa381a71cbc442461d99df363837196e78f9066007e34dbf32fa,MATCH
research/PERMUTED_HALVES_REFLECTED_PREFIX_LAMBDA.md,100644,f69fc0d16590d89eb405fee23ec5f4b57e047745,17848,407b39bcd5206dec134389613353ecbcef50bef83f094460fa2d70ba4205cfc3,17848,407b39bcd5206dec134389613353ecbcef50bef83f094460fa2d70ba4205cfc3,MATCH
research/PERMUTED_HALVES_ROOT_SEARCH.md,100644,085d9c0db2346007be17935ee950a6edcdd5cf06,10336,3f9a9ccffc09ac92e8238f385db65ca2c9f82d8780221c4c0fa3ca58ea7dbff9,10336,3f9a9ccffc09ac92e8238f385db65ca2c9f82d8780221c4c0fa3ca58ea7dbff9,MATCH
research/PERMUTED_HALVES_SECOND_BLOCK_BOUNDARY_MINIMUM.md,100644,8d60ba3e6ca93356c021e85da2c7bfa5d6688d31,17151,b5fb608178709fd29e3c535d7ddc9b337bec008e9bee7142a9f794b53778ad62,17151,b5fb608178709fd29e3c535d7ddc9b337bec008e9bee7142a9f794b53778ad62,MATCH
research/PERMUTED_HALVES_SECOND_BLOCK_FULL_ROOT.md,100644,cc562c6bdd6762214d398f0759948224f6685e0c,21280,86a38b4d7b46ee81b2792677e93c26ec0f2447487bdd1350354378a91fe041c6,21280,86a38b4d7b46ee81b2792677e93c26ec0f2447487bdd1350354378a91fe041c6,MATCH
research/PERMUTED_HALVES_SECOND_BLOCK_RECOVERY.md,100644,ef153e8f5036545e15fcd8338185b3af7c14c4f8,15297,4782ba5ee10299d3dcbb01f0fc98ccfc90c1db37f658b4fe43fae0590bfe70c7,15297,4782ba5ee10299d3dcbb01f0fc98ccfc90c1db37f658b4fe43fae0590bfe70c7,MATCH
research/PERMUTED_HALVES_SECOND_BLOCK_START.md,100644,d6c1ecb63faf30cf358b23d9a7d52cb70b1d0ec8,13843,40068b6cbb1006243d17428648ece7dbd700b1da68e4cfaa53c6608b91b7489e,13843,40068b6cbb1006243d17428648ece7dbd700b1da68e4cfaa53c6608b91b7489e,MATCH
research/PERMUTED_HALVES_SECOND_BLOCK_START_DOMAIN.md,100644,fe12a0a39c10354586e920d885d271f8291d66a4,16356,deabe45a223a9b60963275c850e766233ee5073bdb5ab7af5d57a0849d269264,16356,deabe45a223a9b60963275c850e766233ee5073bdb5ab7af5d57a0849d269264,MATCH
research/PERMUTED_HALVES_SECOND_BLOCK_WIDTH.md,100644,1d34cfbcfb533468d96fc0e2d03e8cfdb462eb7d,19798,72f3442362fd9b2a158186fb29f90ea6fd388a206c5f079dfa4e99dc6cb25353,19798,72f3442362fd9b2a158186fb29f90ea6fd388a206c5f079dfa4e99dc6cb25353,MATCH
research/PERMUTED_HALVES_SECOND_REFLECTED_BLOCK.md,100644,af90b853bd2f3efc06c051814deafa2801976132,14906,ba4107949f5c6cbbf5b423e6f2379562478665edee61bbe68f25e1790b7242e8,14906,ba4107949f5c6cbbf5b423e6f2379562478665edee61bbe68f25e1790b7242e8,MATCH
research/PERMUTED_HALVES_THIRD_ADJACENT_BLOCK.md,100644,00170de7753f77a6694cc481eeff2c8f15e10fb4,10626,8b7db9094532d52bc929b571c07696435b35d9a2182e8b1accf804d070cf4a72,10626,8b7db9094532d52bc929b571c07696435b35d9a2182e8b1accf804d070cf4a72,MATCH
research/PERMUTED_HALVES_THIRD_BLOCK_250_TRANSFER.md,100644,f5f39cd9be9aac06eb351d85d005ae2ae02fa691,14723,c6c6c18a1ff8475d43305eb7c8147c503cd5df98f2b5847d6a9b3859fe8d263d,14723,c6c6c18a1ff8475d43305eb7c8147c503cd5df98f2b5847d6a9b3859fe8d263d,MATCH
research/PERMUTED_HALVES_THIRD_BLOCK_FULL_ROOT.md,100644,026472a3722365685cc5ec6943538f01a603f862,17267,93d9d487303a2c8b8c6fc4c1e962079513583e1e484f4c3557bd5c66c760949e,17267,93d9d487303a2c8b8c6fc4c1e962079513583e1e484f4c3557bd5c66c760949e,MATCH
research/PERMUTED_HALVES_THIRD_BLOCK_MIXED_WIDTH.md,100644,24c570f14d755e94a91088c7b1abeb4410dd6bc2,14224,7e98610b45e029646ec7858a413e1cb7fce0dd1403f06a98bb22bfb90c4bd200,14224,7e98610b45e029646ec7858a413e1cb7fce0dd1403f06a98bb22bfb90c4bd200,MATCH
research/PERMUTED_HALVES_THIRD_BLOCK_RECOVERY.md,100644,9ac922bd61e3541b691381defef4c8721f2002ec,15835,bced795d2aa4be51eda168b8a62a6374d3fcc326e532e55fc81614e5086aa57a,15835,bced795d2aa4be51eda168b8a62a6374d3fcc326e532e55fc81614e5086aa57a,MATCH
research/PERMUTED_HALVES_THIRD_BLOCK_UNIFORM_TRANSFER.md,100644,eb0bbb1116a9a14ff50045c731f20966a423eac3,16754,5afb7897e869edff9a676d2e725d3571539f467e8e6621210097a29dfa8c54d1,16754,5afb7897e869edff9a676d2e725d3571539f467e8e6621210097a29dfa8c54d1,MATCH
research/PERMUTED_HALVES_THIRD_BLOCK_WIDTH.md,100644,2e29e6dab65780a35713f041ba6b21586dd1fad7,12812,ed22cefb86784bd253a6a153062740486db07d4f6520188d565aa10d09ad304f,12812,ed22cefb86784bd253a6a153062740486db07d4f6520188d565aa10d09ad304f,MATCH
research/PERMUTED_HALVES_THREE_MARGINAL_RELAXATION.md,100644,194e72f6541de84a560bb353cbd0d363f7887447,14570,4c7b4ae99140884f40611abf62147724a5194eb3c6b58f6d7ef6d9661fe97c63,14570,4c7b4ae99140884f40611abf62147724a5194eb3c6b58f6d7ef6d9661fe97c63,MATCH
research/RADIUS10_SEAM_ONSET.md,100644,61c410caa0d5db07320549fb0f061c2d52c31edc,12753,c8b7d88017ffe429517aa330137d1a5e1c377e69a3dfca2555e8fa351577655a,12753,c8b7d88017ffe429517aa330137d1a5e1c377e69a3dfca2555e8fa351577655a,MATCH
research/RADIUS1_SEAM_OBSTRUCTION.md,100644,f2913111a04978156d36b0154e526593fcfed044,12611,7456377da40e777e13bef27045a2cbf661099435b100ff596e8bd29f15dcd2b3,12611,7456377da40e777e13bef27045a2cbf661099435b100ff596e8bd29f15dcd2b3,MATCH
research/RADIUS2_SEAM_THRESHOLD.md,100644,56f7c0939234dab43e8bc374a77a85a0cc1267ae,13313,cd263044c1ed1b6e953c906c08d7ef555a79b32619330f7d670c0f1ed705354f,13313,cd263044c1ed1b6e953c906c08d7ef555a79b32619330f7d670c0f1ed705354f,MATCH
research/RADIUS3_SEAM_ONSET.md,100644,564940f3016212eeb550110772aa641529a65260,9999,70774a3eb408e88749668eb677b705331f44ef50351d1459adaa633d9ca6b4b6,9999,70774a3eb408e88749668eb677b705331f44ef50351d1459adaa633d9ca6b4b6,MATCH
research/RADIUS4_SEAM_ONSET.md,100644,537e0700bec443f4d51cde695c381689a1f898bc,9447,9d22b51aac4f32d111864cd11853eddeb323625596d436c1c27efacaaa8d7a8c,9447,9d22b51aac4f32d111864cd11853eddeb323625596d436c1c27efacaaa8d7a8c,MATCH
research/RADIUS5_SEAM_ONSET.md,100644,93e402b3c562408e794055237273aa3aa0f0ea4e,9979,ebbd8242f35a750c2daa24760d57d6125d5b9cd806e9f786b42c64510a10a891,9979,ebbd8242f35a750c2daa24760d57d6125d5b9cd806e9f786b42c64510a10a891,MATCH
research/RADIUS6_SEAM_ONSET.md,100644,d112be1f7ee1418916dc926e90033ae753d9c297,11776,660b801e542280a609ae8f4edaf6d07c706c6c6a35c2569a2a320f02aa70aab5,11776,660b801e542280a609ae8f4edaf6d07c706c6c6a35c2569a2a320f02aa70aab5,MATCH
research/RADIUS7_SEAM_ONSET.md,100644,077a4b106864c746eb9323bea100454b4e49ccbc,11759,b6affc0416a3273ef0fe43d90e318da5a6b465afc17e24ed949c49b45d89e0c4,11759,b6affc0416a3273ef0fe43d90e318da5a6b465afc17e24ed949c49b45d89e0c4,MATCH
research/RADIUS8_SEAM_ONSET.md,100644,084e35c45f6b33808a5701a964e1054406d3c6ca,11610,bf0144be2ba47daae25a0f8123c9053e08a3c78d40d2699aca22181ae944bae6,11610,bf0144be2ba47daae25a0f8123c9053e08a3c78d40d2699aca22181ae944bae6,MATCH
research/RADIUS9_SEAM_ONSET.md,100644,90f07746328bc8d804397be91657f3d8200b2a37,11899,d4ea0074cc13ffa3295a0047b7ea9bb721fdb8a1d2e73ce7ea93419e606164c5,11899,d4ea0074cc13ffa3295a0047b7ea9bb721fdb8a1d2e73ce7ea93419e606164c5,MATCH
research/SHIFTED_ALTERNATING_HALVES.md,100644,53a86078ab7c1849effd0ef63618dcff8720cfe7,16587,baae791231b841de4393f8690e06a8393dfcb0ec3a8315dae81290e33a21b5db,16587,baae791231b841de4393f8690e06a8393dfcb0ec3a8315dae81290e33a21b5db,MATCH
research/SUPNICK_FULL_FEASIBILITY.md,100644,94a6664993e40ea65390a9c110f76d2e3b096589,16563,271469c769d2c02f4e7952a302b2eea72834dfb7a2f42257c325ab4d7a4073a7,16563,271469c769d2c02f4e7952a302b2eea72834dfb7a2f42257c325ab4d7a4073a7,MATCH
research/SUPNICK_SEAM_SEQUENCES.md,100644,f0a1d148e73f0a162c158410686110f60ecfa3dd,14376,1312918f01aa755f11ff4221601c9ef000b4d703869bd695d06a6a5a7685a04f,14376,1312918f01aa755f11ff4221601c9ef000b4d703869bd695d06a6a5a7685a04f,MATCH
research/THREE_LEVEL_COMMON_CHAIN.md,100644,eb6dd88fbdb4bab90bb6f0755556f59fc6f99035,50853,d0035afdd6f2b7f004159928f8babe9830dce073198f63b2b9a9419e2be3723c,50853,d0035afdd6f2b7f004159928f8babe9830dce073198f63b2b9a9419e2be3723c,MATCH
research/UNIFORM_SUPNICK_SEAM_INDEX_BOUND.md,100644,76385d3b90b4271fc56d6b600a9690b21316fb70,6383,ae74024d78f84fe345c61282435bb63d96cac5a01ca39528ddbb40da250f1676,6383,ae74024d78f84fe345c61282435bb63d96cac5a01ca39528ddbb40da250f1676,MATCH
results/asymptotic_fit.csv,100644,591435f3c89aed56b4428d22f9f907c6aa173c2b,737,c0080fd274d0f432c3af5f1c14f4c407c230ac54bb6711901d01cab1441b41d0,737,c0080fd274d0f432c3af5f1c14f4c407c230ac54bb6711901d01cab1441b41d0,MATCH
results/float64_calibration.csv,100644,ae3cc2492151a3861820f54826378621a869d599,734,8325b0e81a28015749d392bd40e77c089be654f7119a783973e3a535aa0c09c7,734,8325b0e81a28015749d392bd40e77c089be654f7119a783973e3a535aa0c09c7,MATCH
results/free_float_criterion_n14_20.csv,100644,eb28d8a109f5eed4aaccab9c5403ccfc2f0e7b4e,7495,3dbd4cbc026feb8b5b3dab5899e2c4ded62d61ca067e419214ff876cedf21076,7495,3dbd4cbc026feb8b5b3dab5899e2c4ded62d61ca067e419214ff876cedf21076,MATCH
results/frontiers/n03_frontier.json,100644,12370624c97aae77177090fb3ec4aeb91adf0554,2074,1eaa2a8ea27a5acf395ec5d6d515f3a8e35281365cecd227bdd18a64c7feb736,2074,1eaa2a8ea27a5acf395ec5d6d515f3a8e35281365cecd227bdd18a64c7feb736,MATCH
results/frontiers/n04_frontier.json,100644,f4443fbc2d78bbdbee720dab54bedd582f3485cf,2289,d1494a9b7513329d2072ad2e014f7aa6ce835702f6e6d43310aef3d9e8ca8cb9,2289,d1494a9b7513329d2072ad2e014f7aa6ce835702f6e6d43310aef3d9e8ca8cb9,MATCH
results/frontiers/n05_frontier.json,100644,b0da48c7fb11f3867e0e562c958a40fdf5bca4ab,2505,be7cd5b6c7980e0cce564a64255720a3d50f029c4ca90c55bc297ea861b1debd,2505,be7cd5b6c7980e0cce564a64255720a3d50f029c4ca90c55bc297ea861b1debd,MATCH
results/frontiers/n06_frontier.json,100644,37915150b0992a6fe017aaa3045be3c61360cb82,2730,f113f336bf9f2545e7a7341ea5bebdec8c3705b665e8229763a4f9bda2bc5d5a,2730,f113f336bf9f2545e7a7341ea5bebdec8c3705b665e8229763a4f9bda2bc5d5a,MATCH
results/frontiers/n07_frontier.json,100644,02b09a343fe3cab4ddc45657bd798c50c78ebe0a,2952,9e154079153d766ed18e016ff4cc8b232b876d86899a26b7c3af2d2ac586ee4a,2952,9e154079153d766ed18e016ff4cc8b232b876d86899a26b7c3af2d2ac586ee4a,MATCH
results/frontiers/n08_frontier.json,100644,4888f41f4de76bb3c40c9f757f1c5a1eea54de8a,3186,472ff6c21df8b763936043ab211b704c9dee6241a39fa2b836e60ef31bb4ab25,3186,472ff6c21df8b763936043ab211b704c9dee6241a39fa2b836e60ef31bb4ab25,MATCH
results/frontiers/n09_frontier.json,100644,de0ed201769d4f2fd39c3b0c7abdc955c154d681,3423,7cb586716f6cf4c18fae1c711b3970597d386928dcd63d7a47226eb543b4ea83,3423,7cb586716f6cf4c18fae1c711b3970597d386928dcd63d7a47226eb543b4ea83,MATCH
results/frontiers/n10_frontier.json,100644,03168df1c34b6f1f5ce8961af381993ee078880a,4591,1d5ea7a4c1b24c654a0c80a0b5a741a3cc76551f20dcca33f2b409d77b0ba1bb,4591,1d5ea7a4c1b24c654a0c80a0b5a741a3cc76551f20dcca33f2b409d77b0ba1bb,MATCH
results/frontiers/n11_frontier.json,100644,d53c982703bf2629b212eef11724962f0da63144,5512,8c13f35b82f32cb390d63e0c475e9176476e2b16d1454b52b7f53d90b831c451,5512,8c13f35b82f32cb390d63e0c475e9176476e2b16d1454b52b7f53d90b831c451,MATCH
results/frontiers/n12_frontier.json,100644,dda8986e4cdf168a3c702136c6f1a85c8ecf660e,6737,992d0809cfc8056d0fd46f7ebd183e5e46e1f3cdc37c495e9ab802e902efb8d0,6737,992d0809cfc8056d0fd46f7ebd183e5e46e1f3cdc37c495e9ab802e902efb8d0,MATCH
results/frontiers/n13_frontier.json,100644,106d3f91aa61d687f43ab279865ce81fa22fc19b,7394,31b551d34286886053581f8e7e1300e35e5cf81c9f7b550b5566dae5922a2420,7394,31b551d34286886053581f8e7e1300e35e5cf81c9f7b550b5566dae5922a2420,MATCH
results/frontiers/n14_frontier.json,100644,414bbb0aa2d286c905540a91bd59386066ca405d,8094,619096db4ac95bebcc19514ee5d1cf50c957a98c5deeb5b614fa2ac8ac4905d6,8094,619096db4ac95bebcc19514ee5d1cf50c957a98c5deeb5b614fa2ac8ac4905d6,MATCH
results/frontiers/summary.csv,100644,96f451d10671daa5ec218c7783d7afd7d6339206,856,0d72a28dbb8adc99ea681c6288ea8abd0c596529a27eb925043769afc150b5d9,856,0d72a28dbb8adc99ea681c6288ea8abd0c596529a27eb925043769afc150b5d9,MATCH
results/heuristic/n14.json,100644,9c400e72f9d8f107b5092cc361988d14a3d95be0,4229,6279e834233bf8cdd21380a48b32ad6221dbfe281f4dc474b8061c7b3c790214,4229,6279e834233bf8cdd21380a48b32ad6221dbfe281f4dc474b8061c7b3c790214,MATCH
results/heuristic/n15.json,100644,5b0ea11ffd65c95aebbf6a4c43a296ed7f41bdf1,4406,3133cf000b2ba2e45e58a16c069f5377a6822e7b5da7ce2e55cdcafaacb74930,4406,3133cf000b2ba2e45e58a16c069f5377a6822e7b5da7ce2e55cdcafaacb74930,MATCH
results/heuristic/n16.json,100644,b66998939c4c31b00fc1dcf756b37f3535ed09a5,4625,9ace9ae66170b2ee653a8d58565616017eb9823025e7341e29408554a673d64d,4625,9ace9ae66170b2ee653a8d58565616017eb9823025e7341e29408554a673d64d,MATCH
results/heuristic/n17.json,100644,bf5e3ddbd8335cb27485cd392f2f5a849aebb464,4788,02fc7e93b006ecd961cc49f243278cb83c313a22aa7eabdacf9d4a79ba12b146,4788,02fc7e93b006ecd961cc49f243278cb83c313a22aa7eabdacf9d4a79ba12b146,MATCH
results/heuristic/n18.json,100644,fafabbaa87be0799a25903f79f92a1f597b0fe03,4967,e3f74b8c61c27a709a8010dbb3f6e08f2794ecad32d5c1a4c7d6ac935c256e94,4967,e3f74b8c61c27a709a8010dbb3f6e08f2794ecad32d5c1a4c7d6ac935c256e94,MATCH
results/heuristic/schema.json,100644,b5685b4fcff49bc0d0bfd1a84287dc8e4f3c45b6,1331,0db382610646a9858d59b959faeb6aa1acfcefe0415d78e3c9d528bd017d9ac9,1331,0db382610646a9858d59b959faeb6aa1acfcefe0415d78e3c9d528bd017d9ac9,MATCH
results/heuristic_confidence_n16_18.csv,100644,0f498706e07947b9bf3302007664b5c90eb7563f,6605,c2f16d1de26157696ad77bed5c72c9d979673f90a021432eabc2d9fc9e10ac29,6605,c2f16d1de26157696ad77bed5c72c9d979673f90a021432eabc2d9fc9e10ac29,MATCH
results/heuristic_n14_18.csv,100644,e72f868bb7b2b9d1f8735cb0f88c2b63ddfe99db,10759,fb332a5df97eba87d35de837d85fffa8e396575a169ca4e5c4151d5131fd1341,10759,fb332a5df97eba87d35de837d85fffa8e396575a169ca4e5c4151d5131fd1341,MATCH
results/highprec.csv,100644,5027c255f3aff09dd7ad1f4382d55d6a0af72767,1074,5d845428d9bf2c32699048e93b41c52c6a5edd3ad0624b0d0aca1f00c5b3b98e,1074,5d845428d9bf2c32699048e93b41c52c6a5edd3ad0624b0d0aca1f00c5b3b98e,MATCH
results/logs/sweep_14_14_20260610_221502.err.log,100644,e69de29bb2d1d6434b8b29ae775ad8c2e48c5391,0,e3b0c44298fc1c149afbf4c8996fb92427ae41e4649b934ca495991b7852b855,0,e3b0c44298fc1c149afbf4c8996fb92427ae41e4649b934ca495991b7852b855,MATCH
results/logs/sweep_14_14_20260610_221502.out.log,100644,2660869f8903a4c79961b7c3951072c83ec2fae3,170,06c90de8fa1ed5045977e05051834b9ef48f6abdd5a820bcee6e81b6b44810ba,170,06c90de8fa1ed5045977e05051834b9ef48f6abdd5a820bcee6e81b6b44810ba,MATCH
results/n03/certificate.txt,100644,cfee6cd004abb9399bc0f2a410dea55a580d7051,407,57a1dce3539c6c7208ac233664c5e29196224abbee348c965d05b5f248e3f733,407,57a1dce3539c6c7208ac233664c5e29196224abbee348c965d05b5f248e3f733,MATCH
results/n03/optimum.json,100644,7a8622ce93c9ee378a6b6635135fe179e62a875c,2907,20f80f690cee73220568e7a7986ccbb2900965ff6015655119ab50d85598742a,2907,20f80f690cee73220568e7a7986ccbb2900965ff6015655119ab50d85598742a,MATCH
results/n04/certificate.txt,100644,5128f299a01260d24935054e335e4bef44381b22,410,1dea94fc8d3f99aef56da14d06ef786fbd96a09c776cb088415308d81b88ea01,410,1dea94fc8d3f99aef56da14d06ef786fbd96a09c776cb088415308d81b88ea01,MATCH
results/n04/optimum.json,100644,ff7c821785acfd117c836aed5faef8119b6c265b,3342,8d81584448a394f30327824ef58dfa71692b66de4a6319bfb441296dc874d046,3342,8d81584448a394f30327824ef58dfa71692b66de4a6319bfb441296dc874d046,MATCH
results/n05/certificate.txt,100644,a0feb13e316c6be7429c1abdf2cc6942cc9f8a46,415,57d80866c98f473e2512d17fb1ad4448da23147e040d962c8964973d51477743,415,57d80866c98f473e2512d17fb1ad4448da23147e040d962c8964973d51477743,MATCH
results/n05/optimum.json,100644,e6e496fbf4436db8973b3829fd61bf45a802a9f3,4055,bd7bfc9e782572e6b2c54754240797444c744e99cabc9d99619c96fb091aa559,4055,bd7bfc9e782572e6b2c54754240797444c744e99cabc9d99619c96fb091aa559,MATCH
results/n06/certificate.txt,100644,0dbd06ead34418a39a572be8167002f8c5934d1b,418,240a924a2cfd68699e247bcd6c1da56ee9c69dd5f6126e37a97ca867a1dc2bfd,418,240a924a2cfd68699e247bcd6c1da56ee9c69dd5f6126e37a97ca867a1dc2bfd,MATCH
results/n06/optimum.json,100644,e03422333272a9f03175e255ca9051a1d0aeb286,4549,609f024977668e47c849dab023014790d3be5acaaef549b82b573cf64df88d29,4549,609f024977668e47c849dab023014790d3be5acaaef549b82b573cf64df88d29,MATCH
results/n07/certificate.txt,100644,93fac26dcc695d11e055d96973a7d13ad991a806,424,97a900e9fdac3534ae4790269250f53279652e60f544ca121ec0f7785ca7209b,424,97a900e9fdac3534ae4790269250f53279652e60f544ca121ec0f7785ca7209b,MATCH
results/n07/optimum.json,100644,b403957cb7c25417dd4a23076a7395190d7f1566,5150,2913f35f1b402f7d7a3e2fc14ebe453dd835ae2576d411555837d9fdd7c53f6d,5150,2913f35f1b402f7d7a3e2fc14ebe453dd835ae2576d411555837d9fdd7c53f6d,MATCH
results/n08/certificate.txt,100644,8a21639ab13d0436e7ff20544564e92485fb7f2b,431,8c93ce1001eb0f1536a993ce731669081042537c8416fab32d693a160379f369,431,8c93ce1001eb0f1536a993ce731669081042537c8416fab32d693a160379f369,MATCH
results/n08/optimum.json,100644,2782947d1154108ccef2a51efdfe7be1eaec3c2a,6543,ab5aad9f37756201336c9f5962a9ba68ba733c8c3b77d97821773824abd826ad,6543,ab5aad9f37756201336c9f5962a9ba68ba733c8c3b77d97821773824abd826ad,MATCH
results/n09/certificate.txt,100644,a14abc094dcc9b32b8fe00eb1caa8ed9866b7138,435,55d02e61c515fddb8ead971e3a42ef8def64ecee35b729a0b531479eaa256358,435,55d02e61c515fddb8ead971e3a42ef8def64ecee35b729a0b531479eaa256358,MATCH
results/n09/optimum.json,100644,4976a6354da221b8706f8e6bb8614401d9cd8c71,7197,82c5bc6f8e9d4229cc7663d39fdb8976bb8a5bfe8409fb6ad7e8f7031695e930,7197,82c5bc6f8e9d4229cc7663d39fdb8976bb8a5bfe8409fb6ad7e8f7031695e930,MATCH
results/n10/certificate.txt,100644,5fffe682b4f69483b56c4987c1360df0f9cf5b13,441,ed13f18ab0dff8d47e0063165a1bb1c86b43b0fdfe452a77492ee1cef9e923fa,441,ed13f18ab0dff8d47e0063165a1bb1c86b43b0fdfe452a77492ee1cef9e923fa,MATCH
results/n10/optimum.json,100644,2c7ec7f4d9841f0108f65171dc42f88983f1e2b5,7971,8c408c812b980cd5df256f8b23e7fec3c81609c0f128d3e8109d0ea5d6344a70,7971,8c408c812b980cd5df256f8b23e7fec3c81609c0f128d3e8109d0ea5d6344a70,MATCH
results/n11/certificate.txt,100644,d0174ac4d985304b035a01c170fd63e23cc3ce92,448,ac68ae64fb3526631f0fa6e59b3c2a51e96daf715c52ca7995d6330ab4d27941,448,ac68ae64fb3526631f0fa6e59b3c2a51e96daf715c52ca7995d6330ab4d27941,MATCH
results/n11/optimum.json,100644,026a188b15374111bb5437d1e5c3ca02314fdeb7,8640,ee3603c2bfd72d6833db2c25b902ea07ca652e2c75761d4b06f3e24561c34869,8640,ee3603c2bfd72d6833db2c25b902ea07ca652e2c75761d4b06f3e24561c34869,MATCH
results/n12/certificate.txt,100644,39348b0a0d01330095eaa1a782ef0d84d1aa0a48,455,ca2910557ea82476c2c12da302e2f31f9120a0625eeda56a6d25e0c11d232b15,455,ca2910557ea82476c2c12da302e2f31f9120a0625eeda56a6d25e0c11d232b15,MATCH
results/n12/optimum.json,100644,9ac3052287245b1f72c4acc58cdc5d3da1bd5395,9382,170febcdf5dc3b834311ff0e51fc15500ccb600442d5cd77c75d1aecb75453ec,9382,170febcdf5dc3b834311ff0e51fc15500ccb600442d5cd77c75d1aecb75453ec,MATCH
results/n13/certificate.txt,100644,8e9a93d12a67c8930717083c6fcc6b606fdfc7d5,462,b8ffe39a8bc010de3d1e56486c7d6eb55a0580883709b84f2f7d094586c9d4cb,462,b8ffe39a8bc010de3d1e56486c7d6eb55a0580883709b84f2f7d094586c9d4cb,MATCH
results/n13/optimum.json,100644,30a70faca09d02df2d87e05f546a59b0691256e1,10097,5e733febd682fc80d68f84c0b611225e1867666c8bfbd4b95ccf6acf968b2408,10097,5e733febd682fc80d68f84c0b611225e1867666c8bfbd4b95ccf6acf968b2408,MATCH
results/n14/certificate.txt,100644,5e203bb342f0527c43c75d1229bb48219aed3117,469,747bb2cfbd981eb7cd4709148e09fb0aed5471e6e470ba65b64384952bebcf60,469,747bb2cfbd981eb7cd4709148e09fb0aed5471e6e470ba65b64384952bebcf60,MATCH
results/n14/optimum.json,100644,c106f9664d005cc58d7268ab85242543738c0575,12639,5888b205746de53ddc4b2612336cf1aec744b59e41d82bf88d24264b54f02220,12639,5888b205746de53ddc4b2612336cf1aec744b59e41d82bf88d24264b54f02220,MATCH
results/patterns_table.csv,100644,b381aacbbcf626ed31e9fd02a05212bdae13869f,3915,33afa1df24edbd0a0e2d100d8e59c2ee4255734032ff7cb0d744453c2e387647,3915,33afa1df24edbd0a0e2d100d8e59c2ee4255734032ff7cb0d744453c2e387647,MATCH
results/pocket_definition_audit_n14.json,100644,e02eb1d2bc6cf83c42c3098f1409c7f11d82f7af,1412,e51ca7c8f8cf9ff2427bb62ec801ec241beae58c7f85427787e958a9df01dddc,1412,e51ca7c8f8cf9ff2427bb62ec801ec241beae58c7f85427787e958a9df01dddc,MATCH
results/regimes.csv,100644,006bcfff3ae26f39ef78dbe9bbb5c9a4a8830026,604,23855d2e8f7a6d8d119a109f90d92575365287e5d608daf415bcbf93bacd4eb1,604,23855d2e8f7a6d8d119a109f90d92575365287e5d608daf415bcbf93bacd4eb1,MATCH
results/subset_comparison.csv,100644,20df103c95bae4f05f8e162830070b96b9bd071d,1447,fb1f37bc427672b5e1707f7eebfd293dada4ce650c0db29dc83f7e0e4b32ebe0,1447,fb1f37bc427672b5e1707f7eebfd293dada4ce650c0db29dc83f7e0e4b32ebe0,MATCH
results/subsets/n07/optimum.json,100644,e31235e52e007640ff2cce748dd33241af165ac6,3993,bf9528111392dcf0d8bd2ecc64932115eacb80cc26a6feec01491752515e1932,3993,bf9528111392dcf0d8bd2ecc64932115eacb80cc26a6feec01491752515e1932,MATCH
results/subsets/n08/optimum.json,100644,fca17857e337f482abbc796716d31eb57818e8a8,4652,c3929cd3729e9f6c8ac940cb47d6ff509534764ad1272490e9320ac494e478aa,4652,c3929cd3729e9f6c8ac940cb47d6ff509534764ad1272490e9320ac494e478aa,MATCH
results/subsets/n09/optimum.json,100644,a8dd6010717ef3b73bc4855dd72e918575eacc36,5036,0fa0245f72fa2eae47d2a8acb44532b2c82392a583d10cba74a40dbbbb0e210b,5036,0fa0245f72fa2eae47d2a8acb44532b2c82392a583d10cba74a40dbbbb0e210b,MATCH
results/subsets/n10/optimum.json,100644,b591e4aa99628cbde7578234e9a8c9a9b0e1afae,5700,3056d6f54f8c71b898840feea3e7087392d433e5de625887d9eac1e19439d8ad,5700,3056d6f54f8c71b898840feea3e7087392d433e5de625887d9eac1e19439d8ad,MATCH
results/subsets/n11/optimum.json,100644,2a8802eb8bd16648bcdd4723e74925dcfd562f73,6321,58fe13439e695cf9eadc4f9163373bcd9e3573a5ddad597e8332ad91fe480401,6321,58fe13439e695cf9eadc4f9163373bcd9e3573a5ddad597e8332ad91fe480401,MATCH
results/subsets/n12/optimum.json,100644,273f4110e6de4063840e9eb4e753f4f22077a0e6,6940,391b35ae803a2a6a0540e575c90bddc50a79416e1a827e4c98f3c41fe2f15f5e,6940,391b35ae803a2a6a0540e575c90bddc50a79416e1a827e4c98f3c41fe2f15f5e,MATCH
results/subsets/n13/optimum.json,100644,6cdf651763a81ab761399d307c0f77560c75c213,7445,133b20ad1d37aa4f5374c5fac779688f6241ca56147159c0691f7393153a9729,7445,133b20ad1d37aa4f5374c5fac779688f6241ca56147159c0691f7393153a9729,MATCH
results/supnick_validity.json,100644,036036520e24690ee309e8f0e458e62aa98ec9d4,7550,188f7d54a1b3b72d1d571168cb0ed6f762b7809edab5bd19161c93e037bc0721,7550,188f7d54a1b3b72d1d571168cb0ed6f762b7809edab5bd19161c93e037bc0721,MATCH
scripts/asymptotic_fit.py,100644,e8fe8b48e5629d8882e024b6dd0c7a45345b36cb,1558,b26aa908dca0241b4e532e91097b6e30caf34865506cf8949ea4a7127326477e,1558,b26aa908dca0241b4e532e91097b6e30caf34865506cf8949ea4a7127326477e,MATCH
scripts/audit_m2.py,100644,60e09872f5ddcc20fa27f4bebb67e4b74b6e3a10,3485,859538070b575c036890d510aa6126e9679aa5788e9a6b953be93ab8da41d6d0,3485,859538070b575c036890d510aa6126e9679aa5788e9a6b953be93ab8da41d6d0,MATCH
scripts/audit_n8_pocket.py,100644,003bc6c2bb613f0de3aaabfc4dbdef27607b6780,861,31448f3fb0523d210fe62fbb30f34dff140b04b147f2f840dfc168ade5c97f2e,861,31448f3fb0523d210fe62fbb30f34dff140b04b147f2f840dfc168ade5c97f2e,MATCH
scripts/build_report.py,100644,72f2686256baacb37cb0cf16eb3655b0a567b438,4051,875bc2c0fa16e62fb9f35ea185fc8963294546e7d80dbbae1e2bd63aec01a0ea,4051,875bc2c0fa16e62fb9f35ea185fc8963294546e7d80dbbae1e2bd63aec01a0ea,MATCH
scripts/calibrate_float64.py,100644,1c5e6c4ffca838f8dc41d78e8c814ddbe5377dbb,7205,f95864021d78d5ea02eab5b204b0e40f83205e1481d51b81f4bef72904f2a8f7,7205,f95864021d78d5ea02eab5b204b0e40f83205e1481d51b81f4bef72904f2a8f7,MATCH
scripts/confidence_boost.py,100644,d603d232436fdd1fc103bfd768639a1afe32a109,2900,1e0263bf8d24c89b0c64d4d58ab30a257179ec3600322c6424d6658ca79f528b,2900,1e0263bf8d24c89b0c64d4d58ab30a257179ec3600322c6424d6658ca79f528b,MATCH
scripts/export_paper_assets.py,100644,27c912ddc9761ca90430c3beea5c1566cee4950f,5452,9a440f88b92e77a8387b77fcde17f98a1371285a5cb6beaddbeff23e514af252,5452,9a440f88b92e77a8387b77fcde17f98a1371285a5cb6beaddbeff23e514af252,MATCH
scripts/extract_frontiers.py,100644,47432c14496bbf22f99ff9052f045b5bba6b3b1a,9745,244ec9f4c02e7212c5bbe5a5796f25e2ef210c25cf132872684f1cac029cf139,9745,244ec9f4c02e7212c5bbe5a5796f25e2ef210c25cf132872684f1cac029cf139,MATCH
scripts/free_float_criterion.py,100644,e74fb672268227e4d42f4fb3369d9aa41f1534f1,9769,2764a27264cc2dfa3d4e617530466753d42ed94ae95ce0701fcbc91fa5645751,9769,2764a27264cc2dfa3d4e617530466753d42ed94ae95ce0701fcbc91fa5645751,MATCH
scripts/frontier_logs.py,100644,518cf8f925a039df17ce01fd55c7baa1a7e7fa34,5068,3b2cab47679457729166bd4fb295c8ea00f76b054e697dfcde575bf1bc3ef994,5068,3b2cab47679457729166bd4fb295c8ea00f76b054e697dfcde575bf1bc3ef994,MATCH
scripts/generate_figures.py,100644,dbb853f64f004b6e449d67768f6c2085b1ec88d8,1741,11b6398d7be2a5681bb4645c911ccc2a1a6f1685d316ffd13ef373a49ada66e0,1741,11b6398d7be2a5681bb4645c911ccc2a1a6f1685d316ffd13ef373a49ada66e0,MATCH
scripts/heuristic_sweep.py,100644,ca02065aa15e0aa45a9690091f4cd764c0b2838b,14124,27e40507bfa2db4aada9e14ff369508b32bb121890cdce1a381430ae634ad8dc,14124,27e40507bfa2db4aada9e14ff369508b32bb121890cdce1a381430ae634ad8dc,MATCH
scripts/highprec_verify.py,100644,0c4304ac009a72d09a0a6a9df3648cc743d39250,3167,cd9db5d03d8f4b91fc4bbe43f780cfaa999d64164e4923f09bfa77a906d2f319,3167,cd9db5d03d8f4b91fc4bbe43f780cfaa999d64164e4923f09bfa77a906d2f319,MATCH
scripts/m2_summary.py,100644,259d30362ff919a6172c42b44b84ea0941f9a89f,2207,bd8e45c8f17af92a1f5cd7985e9d67d17f6341b6902d85dbc6aa0af7ef5c613e,2207,bd8e45c8f17af92a1f5cd7985e9d67d17f6341b6902d85dbc6aa0af7ef5c613e,MATCH
scripts/patterns_table.py,100644,bc1d7b9f7419acf8b414cc671e84dd0ab57c5ce9,3692,1a6bb3a85e8b3d84f40f2ee42187a3ef16d15cd24d673dd2d14f1c092ddf169f,3692,1a6bb3a85e8b3d84f40f2ee42187a3ef16d15cd24d673dd2d14f1c092ddf169f,MATCH
scripts/pocket_definition_audit.py,100644,b4bb41f5c34ecb17330d2cf1b34ec701d6151352,2977,7a0a88a0336d578cb00175f4be1a018e23842c47a53d10467b064f1f3a643474,2977,7a0a88a0336d578cb00175f4be1a018e23842c47a53d10467b064f1f3a643474,MATCH
scripts/refresh_heuristic_artifacts.py,100644,a29ea27dd7fcef758f25f78b38e37b53d029a64f,3629,29e54f5a3fdf58691bdfabd9f418997a15807be247051606784fb3bdc513b923,3629,29e54f5a3fdf58691bdfabd9f418997a15807be247051606784fb3bdc513b923,MATCH
scripts/start_detached_sweep.ps1,100644,79438b456d0698bdf7907858b8161d7a710eb486,894,cf7960c6c069a7b2c69f73d85188223e26c83f617dafcf51fd2c4f12b5c56cc9,894,cf7960c6c069a7b2c69f73d85188223e26c83f617dafcf51fd2c4f12b5c56cc9,MATCH
scripts/subset_comparison.py,100644,2795e47ca69170a79b5a22af142e25a90c1c06f1,4254,2216170632bb1a8d0d88b7851d651894910ec8bdfcaa890368f76d6e39a1eaa7,4254,2216170632bb1a8d0d88b7851d651894910ec8bdfcaa890368f76d6e39a1eaa7,MATCH
scripts/supnick_validity.py,100644,5f2f889b83ccbb12b8c877ba20c9a4ccb02f867b,5281,ed04d151bd0e494f1c41623b267dff2bf13d0d6e6244b429bd318fd7a1b8a0c8,5281,ed04d151bd0e494f1c41623b267dff2bf13d0d6e6244b429bd318fd7a1b8a0c8,MATCH
scripts/sweep_certified.py,100644,e2e54491284181f3899581c0da13d0bad7cd1ffe,1406,4665155184394901b3ad9aeb5605dec307107e6d425de397effc4a398ff847fe,1406,4665155184394901b3ad9aeb5605dec307107e6d425de397effc4a398ff847fe,MATCH
spiegami.pdf,100644,4ca1271069e3cd77c74727b4739e717601e8170a,387362,774bdbf915cbd00f8918063343cae5fc3caae5a7609589696f0b0e02390e7c31,387362,774bdbf915cbd00f8918063343cae5fc3caae5a7609589696f0b0e02390e7c31,MATCH
spiegami.tex,100644,0d2a2d11cbce9a3c9289dd8289ef03726dba568f,16205,4a2b31d722f07a3e28aba0012187b93475dae1b85152a78d1906feec00d70456,16205,4a2b31d722f07a3e28aba0012187b93475dae1b85152a78d1906feec00d70456,MATCH
src/ringmin/__init__.py,100644,bc00bb4f0cb74f69c91334293d0e509ace8c681f,228,b7af84b6ad2a838e2f69dc1c01350f33854094280f12fb50c3eb249804859202,228,b7af84b6ad2a838e2f69dc1c01350f33854094280f12fb50c3eb249804859202,MATCH
src/ringmin/artifacts.py,100644,9a6fdbd44d181da231ae6d7b24a6d5d17f5cfd28,4803,e2d03c7d3fdd702719a08e482678eb681198d38d803a6786c3547e4198210b1c,4803,e2d03c7d3fdd702719a08e482678eb681198d38d803a6786c3547e4198210b1c,MATCH
src/ringmin/cli.py,100644,8e1019940cee8c8a3dcb1130459905e4be7c2199,3416,ea793cd531311e8f05da0552637e841b3337f3881799bdeb56d7ae0f88e043eb,3416,ea793cd531311e8f05da0552637e841b3337f3881799bdeb56d7ae0f88e043eb,MATCH
src/ringmin/crosscheck.py,100644,0d4ca4d192b8a2150340140c52c7572dc594b1c2,5535,39dc3bc61d9a8be4ee7894dd0d28ac340469cfecac8c044cbda7d08cb24c63d3,5535,39dc3bc61d9a8be4ee7894dd0d28ac340469cfecac8c044cbda7d08cb24c63d3,MATCH
src/ringmin/evaluator.py,100644,f2fb37c4cf09dc4232ea2fb3c9fc67c809cf880c,11156,fa1c2298d2828c1eaaac5f153acead946d7daeb245ce5b9c89e4dd9143b4d225,11156,fa1c2298d2828c1eaaac5f153acead946d7daeb245ce5b9c89e4dd9143b4d225,MATCH
src/ringmin/geometry.py,100644,339a0e914e792cb9e7f71d78812f1966e8b6f8f1,2012,a2d1aa664e7d84241b736caf49fa810d576804a815661a0e3a8d90e510f63abd,2012,a2d1aa664e7d84241b736caf49fa810d576804a815661a0e3a8d90e510f63abd,MATCH
src/ringmin/highprec.py,100644,d4377a226aecba5890960406c87751be0c910259,2501,5969ef8965597b66f29e88cf5fd0e2d9540ccd07164a7792dcc0c6bacce94492,2501,5969ef8965597b66f29e88cf5fd0e2d9540ccd07164a7792dcc0c6bacce94492,MATCH
src/ringmin/patterns.py,100644,e2e7f6f2abd631bcfad5d0efeff3ee78cb867851,5533,3930cbc01c58ddde137a51ca5a9147733d40dcca4fe979332076d0f228bc928d,5533,3930cbc01c58ddde137a51ca5a9147733d40dcca4fe979332076d0f228bc928d,MATCH
src/ringmin/plots.py,100644,096f46645544a8dd6d9cc8a561daa7400bc897ff,1235,25c8957a6a33b8368b6aa23e59c89533ee6743beeed4dd3edf102bb70fdb48dc,1235,25c8957a6a33b8368b6aa23e59c89533ee6743beeed4dd3edf102bb70fdb48dc,MATCH
src/ringmin/search.py,100644,59cc57e4e41425933b4410623e1332e80b0ddafc,23184,7d4fe44c9f42dd683f6f2bfb5afd690c893faec271a6c3a1230d505aa5a685f6,23184,7d4fe44c9f42dd683f6f2bfb5afd690c893faec271a6c3a1230d505aa5a685f6,MATCH
tests/conftest.py,100644,2426b37433abc7804a22d8bc1b0dad968708f690,164,8a674f41d8110db622feb4d389224945e3afdfa3aa31508e4b67dcad8eb2190c,164,8a674f41d8110db622feb4d389224945e3afdfa3aa31508e4b67dcad8eb2190c,MATCH
tests/test_frontier_reproduction.py,100644,3ff7c14b61b01e808234cd310420461b1fb49166,3422,0e1d8bd9f07fe1d40c684b4379ffc7a883b52f0c39da5e16612ad79aed4f9000,3422,0e1d8bd9f07fe1d40c684b4379ffc7a883b52f0c39da5e16612ad79aed4f9000,MATCH
tests/test_global_brackets.py,100644,afc7d4f8b22238712493d4fc295acf94703b7c13,16259,195e08be2f302ef7e0db1e3b2b9fe1bd7972965c7e597accdd7808346fdf3f87,16259,195e08be2f302ef7e0db1e3b2b9fe1bd7972965c7e597accdd7808346fdf3f87,MATCH
tests/test_m0.py,100644,1e58dc16d243b1a7dd18ba5e13c124416d0774f1,3594,04467e6c9624be2f83757a4fa5c7532ab6d6c31793617bf8376db77105aac141,3594,04467e6c9624be2f83757a4fa5c7532ab6d6c31793617bf8376db77105aac141,MATCH
tests/test_m1.py,100644,bd2672e872feb1bc8c8ed29d92b29dfb6b6281be,830,0e3672bbb3ac61d549503dba601024a28a03c7c63f1f02f95d0d97df89a6f29f,830,0e3672bbb3ac61d549503dba601024a28a03c7c63f1f02f95d0d97df89a6f29f,MATCH
verify.py,100644,b7f48193d519ce179bf1b4690a180c39eacb7f6f,17785,86243f12f08230044e57ba7239318fc076228fa7597c6f554f9710691f6b65ce,17785,86243f12f08230044e57ba7239318fc076228fa7597c6f554f9710691f6b65ce,MATCH
verify_global_brackets.py,100644,6dcc63bf232d83880782eae2e129b3effb79ed0a,28002,599b49afc3718738a4adf04ec797c4c0e52c5d53076bfbb00e826dde260d4e95,28002,599b49afc3718738a4adf04ec797c4c0e52c5d53076bfbb00e826dde260d4e95,MATCH
